"name.company","id.company","cnpj","date.registration","date.constitution","city","estate","situation","situation.operations","listing.segment","main.sector","sub.sector","segment","tickers","first.date","last.date"
"524 PARTICIPAÇOES SA",16284,1851771000155,1997-05-30,1997-04-02,"RIO DE JANEIRO","RJ","ATIVO","FASE OPERACIONAL","Tradicional","Outros","Outros","Outros","QVQP3B",2009-12-31,2019-12-31
"ADVANCED DIGITAL HEALTH MEDICINA PREVENTIVA S.A.",21725,10345009000198,2009-06-24,2008-08-18,"SÃO PAULO","SP","ATIVO","FASE PRÉ-OPERACIONAL","Tradicional","Saúde","Serv.Méd.Hospit..Análises e Diagnósticos","Serv.Méd.Hospit..Análises e Diagnósticos","ADHM3",2009-12-31,2018-12-31
"AES TIETÊ ENERGIA S.A",18970,4128563000110,2001-06-29,2000-11-06,"SÃO PAULO","SP","ATIVO","FASE OPERACIONAL","Corporate Governance - Level 2","Utilidade Pública","Energia Elétrica","Energia Elétrica","TIET11;TIET3;TIET4",2009-12-31,2019-12-31
"AFLUENTE TRANSMISSÃO DE ENERGIA ELETRICA S/A",22179,10338320000100,2010-09-24,2008-08-18,"RIO DE JANEIRO","RJ","ATIVO","FASE OPERACIONAL","Tradicional","Utilidade Pública","Energia Elétrica","Energia Elétrica","AFLT3",2009-12-31,2019-12-31
"ALEF SA",16705,2217319000107,1997-12-08,1997-10-06,"RIO DE JANEIRO",NA,"ATIVO","FASE OPERACIONAL","Tradicional","Outros","Outros","Outros","ALEF3B",2009-12-31,2019-12-31
"ALFA HOLDINGS SA",9954,17167396000169,1977-07-20,1969-08-11,"SÃO PAULO","SP","ATIVO","FASE OPERACIONAL","Tradicional","Financeiro","Intermediários Financeiros","Bancos","RPAD3;RPAD5;RPAD6",2009-12-31,2019-12-31
"ALIANSCE SONAE SHOPPING CENTERS S.A.",22357,5878397000132,2011-02-01,2003-07-17,"RIO DE JANEIRO","RJ","ATIVO","FASE OPERACIONAL","Novo Mercado","Financeiro","Exploração de Imóveis","Exploração de Imóveis","ALSO3",2009-12-31,2019-12-31
"ALPARGATAS SA",10456,61079117000105,1977-07-20,1907-04-03,"SÃO PAULO","SP","ATIVO","FASE OPERACIONAL","Corporate Governance - Level 1","Consumo Cíclico","Tecidos. Vestuário e Calçados","Calçados","ALPA3;ALPA4",2009-12-31,2019-12-31
"ALPER CONSULTORIA E CORRETORA DE SEGUROS S.A.",22217,11721921000160,2010-10-28,2010-03-10,"SÃO PAULO",NA,"ATIVO","FASE PRÉ-OPERACIONAL","Novo Mercado","Financeiro","Previdência e Seguros","Corretoras de Seguros","APER3",2009-12-31,2019-12-31
"ALUPAR INVESTIMENTO S/A",21490,8364948000138,2008-06-18,2006-09-27,"SÃO PAULO","SP","ATIVO","FASE OPERACIONAL","Corporate Governance - Level 2","Utilidade Pública","Energia Elétrica","Energia Elétrica","ALUP11;ALUP3;ALUP4",2009-12-31,2019-12-31
"AMBEV S.A.",23264,7526557000100,2013-10-30,2005-07-08,"SÃO PAULO",NA,"ATIVO","FASE OPERACIONAL","Tradicional","Consumo não Cíclico","Bebidas","Cervejas e Refrigerantes","ABEV3",2012-12-31,2019-12-31
"AMPLA ENERGIA E SERVIÇOS S.A.",3050,33050071000158,1969-08-15,1909-06-01,"NITERÓI","RJ","ATIVO","FASE OPERACIONAL","Tradicional","Utilidade Pública","Energia Elétrica","Energia Elétrica","CBEE3",2009-12-31,2019-12-31
"ANIMA HOLDING S/A",23248,9288252000132,2013-10-24,2007-10-05,"SÃO PAULO",NA,"ATIVO","FASE OPERACIONAL","Novo Mercado","Consumo Cíclico","Diversos","Serviços Educacionais","ANIM3",2012-12-31,2019-12-31
"AREZZO INDÚSTRIA E COMERCIO S/A",22349,16590234000176,2011-01-31,1972-09-15,"SÃO PAULO","SP","ATIVO","FASE OPERACIONAL","Novo Mercado","Consumo Cíclico","Comércio","Tecidos. Vestuário e Calçados","ARZZ3",2009-12-31,2019-12-31
"ATACADÃO S.A.",24171,75315333000109,2017-07-18,1980-08-13,"SÃO PAULO","SP","ATIVO","FASE OPERACIONAL","Novo Mercado","Consumo não Cíclico","Comércio e Distribuição","Alimentos","CRFB3",2016-12-31,2019-12-31
"ATOM EMPREENDIMENTOS E PARTICIPAÇÕES S.A.",15423,359742000108,1996-02-28,NA,"SOROCABA","SP","ATIVO","FASE OPERACIONAL","Tradicional","Outros","Outros","Outros","ATOM3",2009-12-31,2019-12-31
"AZEVEDO & TRAVASSOS SA",11975,61351532000168,1984-08-20,1922-06-25,"SÃO PAULO","SP","ATIVO","FASE OPERACIONAL","Tradicional","Bens Industriais","Construção e Engenharia","Construção Pesada","AZEV3;AZEV4",2009-12-31,2018-12-31
"AZUL S.A.",24112,9305994000129,2017-04-07,2008-01-03,"SÃO PAULO","SP","ATIVO","FASE OPERACIONAL","Corporate Governance - Level 2","Bens Industriais","Transporte","Transporte Aéreo","AZUL4",2016-12-31,2019-12-31
"B2W - COMPANHIA DIGITAL",20990,776574000156,2007-07-26,2006-12-13,"RIO DE JANEIRO","RJ","ATIVO","FASE OPERACIONAL","Novo Mercado","Consumo Cíclico","Comércio","Produtos Diversos","BTOW3",2009-12-31,2019-12-31
"B3 S.A. - BRASIL, BOLSA, BALCÃO",21610,9346601000125,2008-08-11,2007-12-14,"SÃO PAULO","SP","ATIVO","FASE OPERACIONAL","Novo Mercado","Financeiro","Serviços Financeiros Diversos","Serviços Financeiros Diversos","B3SA3",2009-12-31,2019-12-31
"BAHEMA EDUCACAO S.A.",701,45987245000192,1974-01-02,1960-11-19,"SÃO PAULO",NA,"ATIVO","FASE OPERACIONAL","Bovespa Mais","Consumo Cíclico","Diversos","Serviços Educacionais","BAHI3",2009-12-31,2019-12-31
"BANCO ABC BRASIL S/A",20958,28195667000106,2007-07-23,1983-12-27,"SÃO PAULO","SP","ATIVO","FASE OPERACIONAL","Corporate Governance - Level 2","Financeiro","Intermediários Financeiros","Bancos","ABCB4",2009-12-31,2019-12-31
"BANCO ALFA DE INVESTIMENTO SA",1384,60770336000165,1977-07-20,1966-06-13,"SÃO PAULO","SP","ATIVO","FASE OPERACIONAL","Tradicional","Financeiro","Intermediários Financeiros","Bancos","BRIV3;BRIV4",2009-12-31,2019-12-31
"BANCO BMG S/A",24600,61186680000174,2018-12-17,1965-03-25,"SÃO PAULO","SP","ATIVO","FASE OPERACIONAL","Corporate Governance - Level 1","Financeiro","Intermediários Financeiros","Bancos","BMGB4",2017-12-31,2019-12-31
"BANCO BRADESCO S.A.",906,60746948000112,1977-07-20,1943-03-02,"OSASCO","SP","ATIVO","FASE OPERACIONAL","Corporate Governance - Level 1","Financeiro","Intermediários Financeiros","Bancos","BBDC3;BBDC4",2009-12-31,2019-12-31
"BANCO BTG PACTUAL S/A",22616,30306294000145,2011-11-10,1979-01-18,"RIO DE JANEIRO","RJ","ATIVO","FASE OPERACIONAL","Corporate Governance - Level 2","Financeiro","Intermediários Financeiros","Bancos","BPAC11;BPAC3;BPAC5",2010-12-31,2019-12-31
"BANCO DA AMAZÔNIA S.A.",922,4902979000144,1977-07-20,1942-07-09,"BELÉM","PA","ATIVO","FASE OPERACIONAL","Tradicional","Financeiro","Intermediários Financeiros","Bancos","BAZA3",2009-12-31,2019-12-31
"BANCO DO BRASIL S.A.",1023,191,1977-07-20,1905-12-30,"BRASÍLIA","DF","ATIVO","FASE OPERACIONAL","Novo Mercado","Financeiro","Intermediários Financeiros","Bancos","BBAS11;BBAS12;BBAS3",2009-12-31,2019-12-31
"BANCO DO ESTADO DE SERGIPE SA",1120,13009717000146,1977-07-20,1963-06-18,"ARACAJU","SE","ATIVO","FASE OPERACIONAL","Tradicional","Financeiro","Intermediários Financeiros","Bancos","BGIP3;BGIP4",2009-12-31,2018-12-31
"BANCO DO ESTADO DO PARÁ S/A.",1171,4913711000108,1977-07-20,1960-07-01,"BELÉM","PA","ATIVO","FASE OPERACIONAL","Tradicional","Financeiro","Intermediários Financeiros","Bancos","BPAR3",2009-12-31,2019-12-31
"BANCO DO ESTADO DO RIO GRANDE DO SUL SA",1210,92702067000196,1977-07-20,1928-09-12,"RIO DE JANEIRO","RJ","ATIVO","FASE OPERACIONAL","Corporate Governance - Level 1","Financeiro","Intermediários Financeiros","Bancos","BRSR3;BRSR5;BRSR6",2009-12-31,2019-12-31
"BANCO DO NORDESTE DO BRASIL SA",1228,7237373000120,1977-07-20,1952-07-19,"FORTALEZA","CE","ATIVO","FASE OPERACIONAL","Tradicional","Financeiro","Intermediários Financeiros","Bancos","BNBR3",2009-12-31,2019-12-31
"BANCO INDUSVAL S.A.",20885,61024352000171,2007-07-10,1967-03-28,"SÃO PAULO","SP","ATIVO","FASE OPERACIONAL","Corporate Governance - Level 2","Financeiro","Intermediários Financeiros","Bancos","IDVL3;IDVL4",2009-12-31,2019-12-31
"BANCO INTER S.A.",24406,416968000101,2018-04-26,2017-10-09,"BELO HORIZONTE","MG","ATIVO","FASE OPERACIONAL","Corporate Governance - Level 2","Financeiro","Intermediários Financeiros","Bancos","BIDI11;BIDI3;BIDI4",2017-12-31,2019-12-31
"BANCO MERCANTIL BRASIL SA",1325,17184037000110,1977-07-20,1940-01-01,"BELO HORIZONTE",NA,"ATIVO","FASE OPERACIONAL","Tradicional","Financeiro","Intermediários Financeiros","Bancos","BMEB3;BMEB4",2009-12-31,2019-12-31
"BANCO MERCANTIL DE INVESTIMENTOS S.A.",1309,34169557000172,1977-07-20,1971-03-26,"BELO HORIZONTE","MG","ATIVO","FASE OPERACIONAL","Tradicional","Financeiro","Intermediários Financeiros","Bancos","BMIN3;BMIN4",2009-12-31,2019-12-31
"BANCO PAN SA",21199,59285411000113,2007-11-12,1991-01-01,"SÃO PAULO","SP","ATIVO","FASE OPERACIONAL","Corporate Governance - Level 1","Financeiro","Intermediários Financeiros","Bancos","BPAN4",2009-12-31,2019-12-31
"BANCO PINE S/A",20567,62144175000120,2007-03-27,1997-05-01,"SÃO PAULO","SP","ATIVO","FASE OPERACIONAL","Corporate Governance - Level 2","Financeiro","Intermediários Financeiros","Bancos","PINE3;PINE4",2009-12-31,2019-12-31
"BANCO SANTANDER (BRASIL) S.A.",20532,90400888000142,2007-03-02,1985-08-09,"SÃO PAULO","SP","ATIVO","FASE OPERACIONAL","Tradicional","Financeiro","Intermediários Financeiros","Bancos","SANB11;SANB3;SANB4",2009-12-31,2019-12-31
"BANESTES SA BANCO DO ESTADO DO ESPIRITO SANTO",1155,28127603000178,1977-07-20,1936-06-17,"VITÓRIA","ES","ATIVO","FASE OPERACIONAL","Tradicional","Financeiro","Intermediários Financeiros","Bancos","BEES3;BEES4",2009-12-31,2019-12-31
"BARDELLA SA INDS MECANICAS",1520,60851615000153,1969-11-26,1911-02-11,"SÃO PAULO","SP","ATIVO","FASE OPERACIONAL","Tradicional","Bens Industriais","Máquinas e Equipamentos","Máq. e Equip. Industriais","BDLL3;BDLL4",2009-12-31,2019-12-31
"BATTISTELLA ADM E PARTICIPAÇÕES S A",15458,42331462000131,1996-03-14,1949-01-01,"SÃO JOSÉ DOS PINHAIS","PR","ATIVO","FASE OPERACIONAL","Tradicional","Bens Industriais","Comércio","Material de Transporte","BTTL3",2009-12-31,2019-12-31
"BAUMER SA",1562,61374161000130,1970-05-20,1955-12-28,"SÃO PAULO","SP","ATIVO","FASE OPERACIONAL","Tradicional","Saúde","Equipamentos","Equipamentos","BALM3;BALM4",2009-12-31,2019-12-31
"BB SEGURIDADE PARTICIPAÇÕES S.A.",23159,17344597000194,2013-04-25,2012-12-20,"SÃO PAULO","SP","ATIVO","FASE OPERACIONAL","Novo Mercado","Financeiro","Previdência e Seguros","Seguradoras","BBSE3",2012-12-31,2019-12-31
"BBM LOGÍSTICA S.A.",24660,1107327000120,2019-02-27,1996-03-06,"SÃO JOSÉ DOS PINHAIS","PR","ATIVO","FASE OPERACIONAL","Bovespa Mais","Bens Industriais","Serviços","Serviços Diversos","BBML3",2017-12-31,2019-12-31
"BETAPART PARTICIPAÇÕES SA",17884,2762124000130,1998-11-06,1998-08-27,"RIO DE JANEIRO","RJ","ATIVO","FASE OPERACIONAL","Tradicional","Outros","Outros","Outros","BETP3B",2009-12-31,2019-12-31
"BICICLETAS MONARK SA",1694,56992423000190,1971-12-01,1948-05-25,"SÃO PAULO","SP","ATIVO","FASE OPERACIONAL","Tradicional","Consumo Cíclico","Viagens e Lazer","Bicicletas","BMKS3",2009-12-31,2019-12-31
"BIOMM SA",19305,4752991000110,2002-08-19,2001-09-19,"NOVA LIMA","MG","ATIVO","FASE PRÉ-OPERACIONAL","Bovespa Mais","Saúde","Medicamentos e Outros Produtos","Medicamentos e Outros Produtos","BIOM3",2009-12-31,2019-12-31
"BIOSEV S.A.",22845,15527906000136,2012-07-12,1982-09-01,"SÃO PAULO",NA,"ATIVO","FASE OPERACIONAL","Novo Mercado","Consumo não Cíclico","Alimentos Processados","Açucar e Alcool","BSEV3",2011-12-31,2019-12-31
"BK BRASIL OPERAÇÃO E ASSESSORIA A RESTAURANTES S.A.",24317,13574594000196,2017-12-14,2011-04-06,"BARUERI","SP","ATIVO","FASE OPERACIONAL","Novo Mercado","Consumo Cíclico","Hoteis e Restaurantes","Restaurante e Similares","BKBR3",2016-12-31,2019-12-31
"BOMBRIL SA",12190,50564053000103,1984-09-26,1948-01-14,"SÃO BERNARDO DO CAMPO","SP","ATIVO","FASE OPERACIONAL","Tradicional","Consumo não Cíclico","Produtos de Uso Pessoal e de Limpeza","Produtos de Limpeza","BOBR3;BOBR4",2009-12-31,2019-12-31
"BR MALLS PARTICIPAÇOES S.A.",19909,6977745000191,2006-01-04,2004-05-26,"RIO DE JANEIRO","RJ","ATIVO","FASE OPERACIONAL","Novo Mercado","Financeiro","Exploração de Imóveis","Exploração de Imóveis","BRML3",2009-12-31,2019-12-31
"BR PROPERTIES S.A.",19925,6977751000149,2006-01-04,2004-05-26,"SÃO PAULO","SP","ATIVO","FASE OPERACIONAL","Novo Mercado","Financeiro","Exploração de Imóveis","Exploração de Imóveis","BRPR3",2009-12-31,2019-12-31
"BRADESPAR S/A",18724,3847461000192,2000-08-07,2000-03-30,"SÃO PAULO","SP","ATIVO","FASE OPERACIONAL","Corporate Governance - Level 1","Materiais Básicos","Mineração","Minerais Metálicos","BRAP3;BRAP4",2009-12-31,2019-12-31
"BRASIL BROKERS PARTICIPAÇÕES SA",21180,8613550000198,2007-10-26,2007-01-16,"RIO DE JANEIRO","RJ","ATIVO","FASE OPERACIONAL","Novo Mercado","Financeiro","Exploração de Imóveis","Intermediação Imobiliária","BBRK3",2009-12-31,2019-12-31
"BRASILAGRO CIA BRAS DE PROP AGRICOLAS",20036,7628528000159,2006-04-25,2005-09-23,"SÃO PAULO","SP","ATIVO","FASE OPERACIONAL","Novo Mercado","Consumo não Cíclico","Agropecuária","Agricultura","AGRO3",2009-12-31,2019-12-31
"BRASKEM S.A.",4820,42150391000170,1978-12-18,1974-06-18,"SÃO PAULO","SP","ATIVO","FASE OPERACIONAL","Corporate Governance - Level 1","Materiais Básicos","Químicos","Petroquímicos","BRKM3;BRKM5;BRKM6",2009-12-31,2019-12-31
"BRB-BANCO DE BRASILIA SA",14206,208000100,1993-09-24,1964-12-10,"BRASÍLIA","DF","ATIVO","FASE OPERACIONAL","Tradicional","Financeiro","Intermediários Financeiros","Bancos","BSLI3;BSLI4",2009-12-31,2019-12-31
"BRF S.A.",16292,1838723000127,1997-06-24,1945-11-23,"SÃO PAULO","SP","ATIVO","FASE OPERACIONAL","Novo Mercado","Consumo não Cíclico","Alimentos Processados","Carnes e Derivados","BRFS3",2009-12-31,2019-12-31
"BRQ SOLUÇÕES EM INFORMÁTICA S.A.",23817,36542025000164,2016-01-11,1993-02-26,"SÃO PAULO","SP","ATIVO","FASE OPERACIONAL","Bovespa Mais","Tecnologia da Informação","Programas e Serviços","Programas e Serviços","BRQB3",2014-12-31,2019-12-31
"C&A MODAS S.A.",24848,45242914000105,2019-10-24,1981-01-12,"BARUERI","SP","ATIVO","FASE OPERACIONAL","Novo Mercado","Consumo Cíclico","Comércio","Tecidos. Vestuário e Calçados","CEAB3",2018-12-31,2019-12-31
"CABINDA PARTICIPAÇÕES SA",19119,4030182000102,2001-10-29,2000-07-31,"SÃO PAULO","SP","ATIVO","FASE PRÉ-OPERACIONAL","Tradicional","Outros","Outros","Outros","CABI3B",2009-12-31,2019-12-31
"CACONDE PARTICIPAÇÕES SA",19135,4031213000131,2001-10-29,2000-07-31,"SÃO PAULO","SP","ATIVO","FASE PRÉ-OPERACIONAL","Tradicional","Outros","Outros","Outros","CACO3B",2009-12-31,2018-12-31
"CAIANDA PARTICIPAÇÕES SA",19097,4038763000182,2001-10-29,2000-07-31,"SÃO PAULO","SP","ATIVO","FASE OPERACIONAL","Tradicional","Financeiro e Outros","Outros","Outros","CAIA3B",2009-12-31,2017-12-31
"CAMBUCI SA",2100,61088894000108,1985-01-05,1945-11-05,"SÃO PAULO",NA,"ATIVO","FASE OPERACIONAL","Tradicional","Consumo Cíclico","Tecidos. Vestuário e Calçados","Calçados","CAMB3",2009-12-31,2019-12-31
"CAMIL ALIMENTOS S/A",24228,64904295000103,2017-09-26,1990-11-09,"SÃO PAULO","SP","ATIVO","FASE OPERACIONAL","Novo Mercado","Consumo não Cíclico","Alimentos Processados","Alimentos Diversos","CAML3",2016-12-31,2019-12-31
"CCR S.A.",18821,2846056000197,2000-12-19,1998-09-23,"SÃO PAULO","SP","ATIVO","FASE OPERACIONAL","Novo Mercado","Bens Industriais","Transporte","Exploração de Rodovias","CCRO3",2009-12-31,2019-12-31
"CEMEPE INVESTIMENTOS SA",13854,93828986000173,1991-06-28,1991-03-01,"RIO DE JANEIRO","RJ","ATIVO","FASE OPERACIONAL","Tradicional","Outros","Outros","Outros","MAPT3;MAPT4",2009-12-31,2019-12-31
"CENTRAIS ELETRICAS BRASILEIRAS SA",2437,1180000126,1971-01-28,1961-04-25,"RIO DE JANEIRO","RJ","ATIVO","FASE OPERACIONAL","Corporate Governance - Level 1","Utilidade Pública","Energia Elétrica","Energia Elétrica","ELET3;ELET5;ELET6",2009-12-31,2019-12-31
"CENTRAIS ELETRICAS DE SANTA CATARINA S.A",2461,83878892000155,1973-03-26,1956-01-30,"FLORIANÓPOLIS","SC","ATIVO","FASE OPERACIONAL","Corporate Governance - Level 2","Utilidade Pública","Energia Elétrica","Energia Elétrica","CLSC3;CLSC4",2009-12-31,2019-12-31
"CENTRO DE IMAGEM DIAGNÓSTICOS S.A.",24058,42771949000135,2016-10-26,1992-08-05,"SÃO PAULO","SP","ATIVO","FASE OPERACIONAL","Novo Mercado","Saúde","Serv.Méd.Hospit..Análises e Diagnósticos","Serv.Méd.Hospit..Análises e Diagnósticos","AALR3",2015-12-31,2019-12-31
"CESP - COMPANHIA ENERGÉTICA DE SÃO PAULO",2577,60933603000178,1971-09-27,1966-12-06,"SÃO PAULO","SP","ATIVO","FASE OPERACIONAL","Corporate Governance - Level 1","Utilidade Pública","Energia Elétrica","Energia Elétrica","CESP3;CESP5;CESP6",2009-12-31,2019-12-31
"CIA CAT. DE ÁGUAS E SANEAMENTO - CASAN",16861,82508433000117,1998-02-06,1970-12-31,"FLORIANÓPOLIS","SC","ATIVO","FASE OPERACIONAL","Tradicional","Utilidade Pública","água e Saneamento","água e Saneamento","CASN3;CASN4",2009-12-31,2019-12-31
"CIA DE PARTICIPAÇÕES ALIANÇA DA BAHIA",18708,1938783000111,2000-07-26,1997-05-14,"SALVADOR","BA","ATIVO","FASE OPERACIONAL","Tradicional","Financeiro","Holdings Diversificadas","Holdings Diversificadas","PEAB3;PEAB4",2009-12-31,2019-12-31
"CIA ELETRICIDADE DA BAHIA",14524,15139629000194,1994-07-28,1966-09-22,"RIO DE JANEIRO","RJ","ATIVO","FASE OPERACIONAL","Tradicional","Utilidade Pública","Energia Elétrica","Energia Elétrica","CEEB3;CEEB5;CEEB6",2009-12-31,2019-12-31
"CIA ENERG CEARA - COELCE",14869,7047251000170,1995-06-13,1971-08-30,"FORTALEZA","CE","ATIVO","FASE OPERACIONAL","Tradicional","Utilidade Pública","Energia Elétrica","Energia Elétrica","COCE3;COCE5;COCE6",2009-12-31,2019-12-31
"CIA ENERG MINAS GERAIS - CEMIG",2453,17155730000164,1971-06-30,1952-05-22,"BELO HORIZONTE",NA,"ATIVO","FASE OPERACIONAL","Corporate Governance - Level 1","Utilidade Pública","Energia Elétrica","Energia Elétrica","CMIG3;CMIG4",2009-12-31,2019-12-31
"CIA ENERGÉTICA DE PERNAMBUCO - CELPE",14362,10835932000108,1994-04-29,1965-02-10,"RIO DE JANEIRO","RJ","ATIVO","FASE OPERACIONAL","Tradicional","Utilidade Pública","Energia Elétrica","Energia Elétrica","CEPE3;CEPE5;CEPE6",2009-12-31,2019-12-31
"CIA ENERGÉTICA DO RIO GRANDE DO NORTE",18139,8324196000181,1999-01-04,1961-12-14,"RIO DE JANEIRO","RJ","ATIVO","FASE OPERACIONAL","Tradicional","Utilidade Pública","Energia Elétrica","Energia Elétrica","CSRN3;CSRN5;CSRN6",2009-12-31,2019-12-31
"CIA ESTADUAL DE DISTRIBUIÇÃO DE ENERGIA ELETRICA",20648,8467115000100,2007-04-17,2006-12-01,"PORTO ALEGRE","RS","ATIVO","FASE OPERACIONAL","Corporate Governance - Level 1","Utilidade Pública","Energia Elétrica","Energia Elétrica","CEED3;CEED4",2009-12-31,2019-12-31
"CIA ESTADUAL DE GERACAO E TRANSMISSAO DE ENERGIA ELETRICA",3204,92715812000131,1970-01-07,1963-12-19,"PORTO ALEGRE","RS","ATIVO","FASE OPERACIONAL","Corporate Governance - Level 1","Utilidade Pública","Energia Elétrica","Energia Elétrica","EEEL3;EEEL4",2009-12-31,2019-12-31
"CIA FERRO LIGAS BAHIA FERBASA",3069,15141799000103,1961-02-28,1961-02-23,"SALVADOR",NA,"ATIVO","FASE OPERACIONAL","Corporate Governance - Level 1","Materiais Básicos","Siderurgia e Metalurgia","Siderurgia","FESA3;FESA4",2009-12-31,2018-12-31
"CIA HERING",14761,78876950000171,1995-01-26,1985-08-19,"SÃO PAULO","SP","ATIVO","FASE OPERACIONAL","Novo Mercado","Consumo Cíclico","Tecidos. Vestuário e Calçados","Vestuário","HGTX3",2009-12-31,2019-12-31
"CIA SANEAMENTO BÁSICO ESTADO SÃO PAULO",14443,43776517000180,1994-06-27,1973-09-06,"SÃO PAULO","SP","ATIVO","FASE OPERACIONAL","Novo Mercado","Utilidade Pública","água e Saneamento","água e Saneamento","SBSP3",2009-12-31,2019-12-31
"CIA SEGUROS ALIANCA BAHIA",3115,15144017000190,1977-07-20,1900-01-15,"SALVADOR","BA","ATIVO","FASE OPERACIONAL","Tradicional","Financeiro","Previdência e Seguros","Seguradoras","CSAB3;CSAB4",2009-12-31,2019-12-31
"CIA SIDERURGICA NACIONAL",4030,33042730000104,1943-02-26,1941-04-09,"SÃO PAULO","SP","ATIVO","FASE OPERACIONAL","Tradicional","Materiais Básicos","Siderurgia e Metalurgia","Siderurgia","CSNA3",2009-12-31,2019-12-31
"CIA TECIDOS NORTE DE MINAS - COTEMINAS",3158,22677520000176,1971-02-11,1967-12-05,"SÃO PAULO","SP","ATIVO","FASE OPERACIONAL","Tradicional","Consumo Cíclico","Tecidos. Vestuário e Calçados","Fios e Tecidos","CTNM3;CTNM4",2009-12-31,2019-12-31
"CIA TECIDOS SANTANENSE",4081,21255567000189,1984-12-20,1891-10-23,"SÃO PAULO","SP","ATIVO","FASE OPERACIONAL","Tradicional","Consumo Cíclico","Tecidos. Vestuário e Calçados","Fios e Tecidos","CTSA3;CTSA4;CTSA8",2009-12-31,2019-12-31
"CIA. DE SANEAMENTO DO PARANÁ - SANEPAR",18627,76484013000145,2000-03-10,1963-01-23,"CURITIBA","PR","ATIVO","FASE OPERACIONAL","Corporate Governance - Level 2","Utilidade Pública","água e Saneamento","água e Saneamento","SAPR11;SAPR3;SAPR4",2009-12-31,2019-12-31
"CIA. DISTRIB. DE GÁS DO RIO DE JANEIRO",16616,33938119000169,1997-11-17,1969-05-28,"RIO DE JANEIRO","RJ","ATIVO","FASE OPERACIONAL","Tradicional","Utilidade Pública","Gás","Gás","CEGR3",2009-12-31,2019-12-31
"CIELO S.A.",21733,1027058000191,2009-06-25,1995-11-23,"BARUERI","SP","ATIVO","FASE OPERACIONAL","Novo Mercado","Financeiro","Serviços Financeiros Diversos","Serviços Financeiros Diversos","CIEL3",2009-12-31,2019-12-31
"CIMS SA",14818,272185000193,1995-03-14,1994-10-21,"RIO DE JANEIRO","RJ","ATIVO","FASE OPERACIONAL","Tradicional","Outros","Outros","Outros","CMSA3;CMSA4",2009-12-31,2019-12-31
"CINESYSTEM S.A.",23965,7437016000105,2016-07-20,2005-05-24,"MARINGÁ","PR","ATIVO","FASE OPERACIONAL","Bovespa Mais","Comunicações","Mídia","Produção e Difusão de Filmes e Programas","CNSY3",2015-12-31,2019-12-31
"COMPANHIA  MELHORAMENTOS DE SÃO PAULO",3654,60730348000166,1977-07-20,1967-11-30,"SÃO PAULO","SP","ATIVO","FASE OPERACIONAL","Tradicional","Materiais Básicos","Madeira e Papel","Papel e Celulose","MSPA3;MSPA4",2009-12-31,2019-12-31
"COMPANHIA BRASILEIRA DE DISTRIBUIÇÃO",14826,47508411000156,1995-04-04,1981-11-11,"SÃO PAULO","SP","ATIVO","FASE OPERACIONAL","Novo Mercado","Consumo não Cíclico","Comércio e Distribuição","Alimentos","PCAR3",2009-12-31,2019-12-31
"COMPANHIA CELG DE PARTICIPAÇÕES",21393,8560444000193,2008-03-14,2006-12-04,"GOIÂNIA","GO","ATIVO","FASE OPERACIONAL","Tradicional","Utilidade Pública","Energia Elétrica","Energia Elétrica","GPAR3",2009-12-31,2019-12-31
"COMPANHIA DE FIACAO E TECIDOS CEDRO E CACHOEIRA",3077,17245234000100,1969-08-11,1883-04-02,"BELO HORIZONTE","MG","ATIVO","FASE OPERACIONAL","Corporate Governance - Level 1","Consumo Cíclico","Tecidos. Vestuário e Calçados","Fios e Tecidos","CEDO3;CEDO4",2009-12-31,2019-12-31
"COMPANHIA DE GÁS DE SÃO PAULO - COMGÁS",15636,61856571000117,1996-07-03,1968-11-11,"SÃO PAULO","SP","ATIVO","FASE OPERACIONAL","Tradicional","Utilidade Pública","Gás","Gás","CGAS3;CGAS5",2009-12-31,2018-12-31
"COMPANHIA DE LOCAÇÃO DAS AMERICAS",22691,10215988000160,2011-12-30,2008-07-18,"BELO HORIZONTE","MG","ATIVO","FASE OPERACIONAL","Novo Mercado","Consumo Cíclico","Diversos","Aluguel de carros","LCAM3",2010-12-31,2019-12-31
"COMPANHIA DE SANEAMENTO DE MINAS GERAIS",19445,17281106000103,2003-09-17,1963-07-05,"BELO HORIZONTE",NA,"ATIVO","FASE OPERACIONAL","Novo Mercado","Utilidade Pública","água e Saneamento","água e Saneamento","CSMG3",2009-12-31,2018-12-31
"COMPANHIA ENERGÉTICA DE BRASÍLIA - CEB",14451,70698000111,1994-07-04,1968-12-16,"BRASÍLIA","DF","ATIVO","FASE OPERACIONAL","Tradicional","Utilidade Pública","Energia Elétrica","Energia Elétrica","CEBR3;CEBR5;CEBR6",2009-12-31,2019-12-31
"COMPANHIA INDUSTRIAL CATAGUASES",3395,19526748000150,1973-12-19,1936-11-12,"SÃO PAULO","SP","ATIVO","FASE OPERACIONAL","Tradicional","Consumo Cíclico","Tecidos. Vestuário e Calçados","Fios e Tecidos","CATA3;CATA4",2009-12-31,2019-12-31
"COMPANHIA PARANAENSE DE ENERGIA",14311,76483817000120,1994-04-04,1954-10-26,"CURITIBA","PR","ATIVO","FASE OPERACIONAL","Corporate Governance - Level 1","Utilidade Pública","Energia Elétrica","Energia Elétrica","CPLE3;CPLE5;CPLE6",2009-12-31,2018-12-31
"COMPANHIIA HABITASUL DE PARTICIPAÇÕES",3298,87762563000103,1982-04-19,1981-09-28,"PORTO ALEGRE","RS","ATIVO","FASE OPERACIONAL","Tradicional","Financeiro","Exploração de Imóveis","Exploração de Imóveis","HBTS3;HBTS5;HBTS6",2009-12-31,2019-12-31
"CONCESSIONARIA RIO-TERESOPOLIS SA",19208,938574000105,2001-12-26,1995-11-07,"MAGÉ","RJ","ATIVO","FASE OPERACIONAL","Tradicional","Bens Industriais","Transporte","Exploração de Rodovias","CRTE3B;CRTE5B",2009-12-31,2019-12-31
"CONSERVAS ODERICH SA",4693,97191902000194,1977-07-20,1908-08-08,"SÃO SEBASTIÃO DO CAÍ","RS","ATIVO","FASE OPERACIONAL","Tradicional","Consumo não Cíclico","Alimentos Processados","Alimentos Diversos","ODER3;ODER4",2009-12-31,2019-12-31
"CONSORCIO ALFA DE ADMINISTRAÇÃO SA",4707,17193806000146,1977-07-20,1952-08-08,"SÃO PAULO","SP","ATIVO","FASE OPERACIONAL","Tradicional","Financeiro","Previdência e Seguros","Seguradoras","BRGE11;BRGE12;BRGE3;BRGE5;BRGE6;BRGE7;BRGE8",2009-12-31,2019-12-31
"CONST ADOLPHO LINDENBERG SA",4723,61022042000118,1977-07-20,1958-01-01,"SÃO PAULO","SP","ATIVO","FASE OPERACIONAL","Tradicional","Consumo Cíclico","Construção Civil","Incorporações","CALI3;CALI4",2009-12-31,2019-12-31
"CONSTRUTORA TENDA S/A",21148,71476527000135,2007-10-11,1994-01-01,"SÃO PAULO","SP","ATIVO","FASE OPERACIONAL","Novo Mercado","Consumo Cíclico","Construção Civil","Incorporações","TEND3",2009-12-31,2018-12-31
"CORREA RIBEIRO SA COM IND",4863,15101405000193,1977-07-20,1926-01-02,"SALVADOR","BA","ATIVO","FASE OPERACIONAL","Tradicional","Financeiro","Exploração de Imóveis","Exploração de Imóveis","CORR3;CORR4",2009-12-31,2019-12-31
"COSAN LOGÍSTICA S.A.",23485,17346997000139,2014-09-11,2012-04-23,"SÃO PAULO","SP","ATIVO","FASE OPERACIONAL","Novo Mercado","Bens Industriais","Transporte","Transporte Ferroviário","RLOG3",2013-12-31,2019-12-31
"COSAN S.A.",19836,50746577000115,2005-10-26,2000-02-01,"SÃO PAULO",NA,"ATIVO","FASE OPERACIONAL","Novo Mercado","Petróleo. Gás e Biocombustíveis","Petróleo. Gás e Biocombustíveis","Exploração. Refino e Distribuição","CSAN3",2009-12-31,2019-12-31
"CPFL ENERGIA SA",18660,2429144000193,2000-05-18,1998-03-20,"CAMPINAS","SP","ATIVO","FASE OPERACIONAL","Novo Mercado","Utilidade Pública","Energia Elétrica","Energia Elétrica","CPFE3",2009-12-31,2019-12-31
"CPFL ENERGIAS RENOVÁVEIS S.A.",20540,8439659000150,2007-03-08,2006-10-02,"SÃO PAULO","SP","ATIVO","FASE OPERACIONAL","Novo Mercado","Utilidade Pública","Energia Elétrica","Energia Elétrica","CPRE3",2009-12-31,2019-12-31
"CR2 EMPREENDIMENTOS IMOBILIÁRIOS S/A",20630,7820907000146,2007-04-16,2006-01-10,"RIO DE JANEIRO","RJ","ATIVO","FASE OPERACIONAL","Tradicional","Consumo Cíclico","Construção Civil","Incorporações","CRDE3",2009-12-31,2019-12-31
"CSU CARDSYSTEM S/A",20044,1896779000138,2006-04-25,1996-08-01,"SÃO PAULO","SP","ATIVO","FASE OPERACIONAL","Novo Mercado","Bens Industriais","Serviços","Serviços Diversos","CARD3",2009-12-31,2019-12-31
"CTC - CENTRO DE TECNOLOGIA CANAVIEIRA S.A.",23981,6981381000113,2016-08-24,2004-08-10,"PIRACICABA","SP","ATIVO","FASE OPERACIONAL","Bovespa Mais","Consumo não Cíclico","Agropecuária","Agricultura","CTCA3",2015-12-31,2019-12-31
"CTEEP-CIA TRANSM ENERGIA ELÉTR. PAULISTA",18376,2998611000104,1999-07-14,1999-02-04,"SÃO PAULO","SP","ATIVO","FASE OPERACIONAL","Corporate Governance - Level 1","Utilidade Pública","Energia Elétrica","Energia Elétrica","TRPL3;TRPL4",2009-12-31,2019-12-31
"CVC BRASIL OPERADORA E AGÊNCIA DE VIAGENS SA",23310,10760260000119,2013-12-05,2009-03-25,"SANTO ANDRÉ",NA,"ATIVO","FASE OPERACIONAL","Novo Mercado","Consumo Cíclico","Viagens e Lazer","Viagens e Turismo","CVCB3",2012-12-31,2019-12-31
"CYRELA BRAZIL REALTY SA EMPRS E PARTS",14460,73178600000118,1994-07-07,1973-01-01,"SÃO PAULO","SP","ATIVO","FASE OPERACIONAL","Novo Mercado","Consumo Cíclico","Construção Civil","Incorporações","CYRE3",2009-12-31,2019-12-31
"CYRELA COMMERCIAL PROPERTIES SA EMP  PART",21040,8801621000186,2007-08-01,2007-04-11,"SÃO PAULO","SP","ATIVO","FASE OPERACIONAL","Novo Mercado","Financeiro","Exploração de Imóveis","Exploração de Imóveis","CCPR3",2009-12-31,2018-12-31
"DIAGNOSTICOS DA AMERICA SA",19623,61486650000183,2004-11-05,1961-01-01,"BARUERI","SP","ATIVO","FASE OPERACIONAL","Tradicional","Saúde","Serv.Méd.Hospit..Análises e Diagnósticos","Serv.Méd.Hospit..Análises e Diagnósticos","DASA3",2009-12-31,2019-12-31
"DIMED SA DISTRIBUIDORA DE MEDICAMENTOS",9342,92665611000177,1977-07-20,1936-06-28,"ELDORADO DO SUL","RS","ATIVO","FASE OPERACIONAL","Tradicional","Saúde","Comércio e Distribuição","Medicamentos e Outros Produtos","PNVL3;PNVL4",2009-12-31,2019-12-31
"DIRECIONAL ENGENHARIA SA",21350,16614075000100,2008-02-29,1981-01-01,"BELO HORIZONTE",NA,"ATIVO","FASE OPERACIONAL","Novo Mercado","Consumo Cíclico","Construção Civil","Incorporações","DIRR3",2009-12-31,2019-12-31
"DOHLER S.A.",5207,84683408000103,1973-12-26,1755-12-09,"JOINVILLE",NA,"ATIVO","FASE OPERACIONAL","Tradicional","Consumo Cíclico","Tecidos. Vestuário e Calçados","Fios e Tecidos","DOHL3;DOHL4",2009-12-31,2018-12-31
"DOMMO ENERGIA S.A.",23493,8926302000105,2014-09-17,2007-06-27,"RIO DE JANEIRO",NA,"ATIVO","EM RECUPERAÇÃO JUDICIAL OU EQUIVALENTE","Tradicional","Petróleo. Gás e Biocombustíveis","Petróleo. Gás e Biocombustíveis","Exploração. Refino e Distribuição","DMMO3",2013-12-31,2019-12-31
"DTCOM - DIRECT TO COMPANY S.A.",18597,3303999000136,2000-02-04,1999-07-20,"CURITIBA","PR","ATIVO","FASE OPERACIONAL","Tradicional","Bens Industriais","Serviços","Serviços Diversos","DTCY3;DTCY4",2009-12-31,2019-12-31
"DURATEX S.A.",21091,97837181000147,2007-09-10,1962-01-25,"SÃO PAULO","SP","ATIVO","FASE OPERACIONAL","Novo Mercado","Materiais Básicos","Madeira e Papel","Madeira","DTEX3",2009-12-31,2018-12-31
"ECORODOVIAS INFRAESTRUTURA E LOGÍSTICA S.A.",19453,4149454000180,2003-09-24,2000-11-07,"SÃO PAULO","SP","ATIVO","FASE OPERACIONAL","Novo Mercado","Bens Industriais","Transporte","Exploração de Rodovias","ECOR3",2009-12-31,2019-12-31
"EDP ENERGIAS DO BRASIL S/A",19763,3983431000103,2005-07-05,2000-06-24,"SÃO PAULO","SP","ATIVO","FASE OPERACIONAL","Novo Mercado","Utilidade Pública","Energia Elétrica","Energia Elétrica","ENBR3",2009-12-31,2019-12-31
"ELECTRO AÇO ALTONA S/A",5380,82643537000134,1950-01-19,1924-03-08,"BLUMENAU","SC","ATIVO","FASE OPERACIONAL","Tradicional","Bens Industriais","Máquinas e Equipamentos","Máq. e Equip. Industriais","EALT3;EALT4",2009-12-31,2019-12-31
"ELEKEIROZ S/A",4359,13788120000147,1971-08-18,1969-08-19,"VÁRZEA PAULISTA","SP","ATIVO","FASE OPERACIONAL","Tradicional","Materiais Básicos","Químicos","Petroquímicos","ELEK3;ELEK4",2009-12-31,2019-12-31
"ELEKTRO REDES S.A.",17485,2328280000197,1998-07-08,1998-01-06,"CAMPINAS","SP","ATIVO","FASE OPERACIONAL","Tradicional","Utilidade Pública","Energia Elétrica","Energia Elétrica","EKTR3;EKTR4",2009-12-31,2019-12-31
"ELETROBRÁS PARTICIPAÇÕES S.A. - ELETROPAR",15784,1104937000170,1996-09-30,1996-01-29,"RIO DE JANEIRO","RJ","ATIVO","FASE OPERACIONAL","Tradicional","Utilidade Pública","Energia Elétrica","Energia Elétrica","LIPR3",2009-12-31,2019-12-31
"EMAE-EMP.METROPOLITANA ÁGUAS ENERGIA S.A",16993,2302101000142,1998-03-27,1997-12-11,"SÃO PAULO","SP","ATIVO","FASE OPERACIONAL","Tradicional","Utilidade Pública","Energia Elétrica","Energia Elétrica","EMAE3;EMAE4",2009-12-31,2019-12-31
"EMBRAER S.A.",20087,7689002000189,2006-05-23,2005-09-02,"SÃO PAULO",NA,"ATIVO","FASE OPERACIONAL","Novo Mercado","Bens Industriais","Material de Transporte","Material Aeronáutico e de Defesa","EMBR3",2009-12-31,2019-12-31
"EMP.NAC. DE COMÉRCIO, RÉDITO E PART. S.A. - ENCORPAR",16497,1971614000183,1997-10-07,1997-05-30,"SÃO PAULO","SP","ATIVO","FASE OPERACIONAL","Tradicional","Consumo Cíclico","Tecidos. Vestuário e Calçados","Fios e Tecidos","ECPR3;ECPR4",2009-12-31,2019-12-31
"ENAUTA PARTICIPAÇÕES S.A.",22365,11669021000110,2011-02-02,2010-03-09,"RIO DE JANEIRO","RJ","ATIVO","FASE OPERACIONAL","Novo Mercado","Petróleo. Gás e Biocombustíveis","Petróleo. Gás e Biocombustíveis","Exploração. Refino e Distribuição","ENAT3",2009-12-31,2019-12-31
"ENERGISA MATO GROSSO - DISTRIBUIDORA DE ENERGIA S.A.",14605,3467321000199,1994-10-25,1956-08-04,"CATAGUASES","MG","ATIVO","FASE OPERACIONAL","Tradicional","Utilidade Pública","Energia Elétrica","Energia Elétrica","ENMT3;ENMT4",2009-12-31,2019-12-31
"ENERGISA SA",15253,864214000106,1995-12-20,1995-08-09,"CATAGUASES","MG","ATIVO","FASE OPERACIONAL","Corporate Governance - Level 2","Utilidade Pública","Energia Elétrica","Energia Elétrica","ENGI11;ENGI3;ENGI4",2009-12-31,2018-12-31
"ENEVA S.A.",21237,4423567000121,2007-12-07,2001-04-25,"RIO DE JANEIRO","RJ","ATIVO","EM RECUPERAÇÃO JUDICIAL OU EQUIVALENTE","Novo Mercado","Utilidade Pública","Energia Elétrica","Energia Elétrica","ENEV3",2009-12-31,2019-12-31
"ENGIE BRASIL ENERGIA S.A.",17329,2474103000119,1998-05-28,1998-01-29,"FLORIANÓPOLIS","SC","ATIVO","FASE OPERACIONAL","Novo Mercado","Utilidade Pública","Energia Elétrica","Energia Elétrica","EGIE3",2009-12-31,2019-12-31
"EQUATORIAL ENERGIA S/A",20010,3220438000173,2006-03-30,1999-06-16,"RIO DE JANEIRO","RJ","ATIVO","FASE OPERACIONAL","Novo Mercado","Utilidade Pública","Energia Elétrica","Energia Elétrica","EQTL3",2009-12-31,2018-12-31
"EQUATORIAL MARANHÃO DISTRIBUIDORA DE ENERGIA S.A.",16608,6272793000184,1997-11-13,1965-12-31,"BRASÍLIA","DF","ATIVO","FASE OPERACIONAL","Tradicional","Utilidade Pública","Energia Elétrica","Energia Elétrica","EQMA3B;EQMA5B;EQMA6B",2009-12-31,2018-12-31
"EQUATORIAL PARÁ DISTRIBUIDORA DE ENERGIA S.A.",18309,4895728000180,1999-06-14,1960-08-31,"BRASÍLIA","DF","ATIVO","FASE OPERACIONAL","Tradicional","Utilidade Pública","Energia Elétrica","Energia Elétrica","EQPA3;EQPA5;EQPA6;EQPA7",2009-12-31,2018-12-31
"ESTACIO PARTICIPAÇÕES SA",21016,8807432000110,2007-07-26,2007-03-31,"RIO DE JANEIRO","RJ","ATIVO","FASE OPERACIONAL","Novo Mercado","Consumo Cíclico","Diversos","Serviços Educacionais","YDUQ3",2009-12-31,2019-12-31
"EUCATEX SA IND E COMERCIO",5770,56643018000166,1969-08-20,1951-11-23,"SÃO PAULO","SP","ATIVO","FASE OPERACIONAL","Corporate Governance - Level 1","Materiais Básicos","Madeira e Papel","Madeira","EUCA3;EUCA4",2009-12-31,2019-12-31
"EVEN CONSTRUTORA E INCORPORADORA S/A",20524,43470988000165,2007-03-02,2002-01-01,"SÃO PAULO","SP","ATIVO","FASE OPERACIONAL","Novo Mercado","Consumo Cíclico","Construção Civil","Incorporações","EVEN3",2009-12-31,2019-12-31
"EXCELSIOR ALIMENTOS SA.",1570,95426862000197,1977-07-20,1926-08-30,"SÃO PAULO","SP","ATIVO","FASE OPERACIONAL","Tradicional","Consumo não Cíclico","Alimentos Processados","Carnes e Derivados","BAUH3;BAUH4",2009-12-31,2019-12-31
"EZ TEC EMPREEND. E PARTICIPAÇÕES S/A",20770,8312229000173,2007-06-15,1979-02-15,"SÃO PAULO","SP","ATIVO","FASE OPERACIONAL","Novo Mercado","Consumo Cíclico","Construção Civil","Incorporações","EZTC3",2009-12-31,2019-12-31
"FERROVIA CENTRO ATLANTICA SA",15369,924429000175,1996-02-12,1995-08-14,"SÃO PAULO","SP","ATIVO","FASE OPERACIONAL","Tradicional","Bens Industriais","Transporte","Transporte Ferroviário","VSPT3;VSPT4",2009-12-31,2018-12-31
"FINANCEIRA ALFA S.A.- C.F.I",3891,17167412000113,1977-07-20,1964-01-01,"SÃO PAULO","SP","ATIVO","FASE OPERACIONAL","Tradicional","Financeiro","Intermediários Financeiros","Soc. Crédito e Financiamento","CRIV3;CRIV4",2009-12-31,2019-12-31
"FINANSINOS S/A-CRÉDITO, FINAN. E INVEST.",6076,91669747000192,1977-07-20,1962-09-12,"NOVO HAMBURGO","RS","ATIVO","FASE OPERACIONAL","Tradicional","Financeiro","Intermediários Financeiros","Soc. Crédito e Financiamento","FNCN3",2009-12-31,2019-12-31
"FLEURY SA",21881,60840055000131,2009-12-14,1964-10-23,"SÃO PAULO","SP","ATIVO","FASE OPERACIONAL","Novo Mercado","Saúde","Serv.Méd.Hospit..Análises e Diagnósticos","Serv.Méd.Hospit..Análises e Diagnósticos","FLRY3",2009-12-31,2019-12-31
"FLEX GESTÃO DE RELACIONAMENTO S.A.",24350,10851805000100,2018-03-01,2009-05-27,"FLORIANÓPOLIS",NA,"ATIVO","FASE OPERACIONAL","Bovespa Mais","Bens Industriais","Serviços","Serviços Diversos","FLEX3",2016-12-31,2019-12-31
"FRAS-LE SA",6211,88610126000129,1977-07-20,1957-02-22,"CAXIAS DO SUL","RS","ATIVO","FASE OPERACIONAL","Corporate Governance - Level 1","Bens Industriais","Material de Transporte","Material Rodoviário","FRAS3",2009-12-31,2019-12-31
"GAFISA SA",16101,1545826000107,1997-02-21,1996-11-12,"SÃO PAULO","SP","ATIVO","FASE OPERACIONAL","Novo Mercado","Consumo Cíclico","Construção Civil","Incorporações","GFSA3",2009-12-31,2019-12-31
"GAMA PARTICIPAÇÕES S.A.",17965,2796775000140,1998-12-01,1998-08-25,"RIO DE JANEIRO","RJ","ATIVO","FASE OPERACIONAL","Tradicional","Outros","Outros","Outros","OPGM3B",2009-12-31,2019-12-31
"GENERAL SHOPPING E OUTLETS DO BRASIL S.A.",21008,8764621000153,2007-07-26,2006-03-06,"SÃO PAULO","SP","ATIVO","FASE OPERACIONAL","Novo Mercado","Financeiro","Exploração de Imóveis","Exploração de Imóveis","GSHP3",2009-12-31,2019-12-31
"GERDAU S.A.",3980,33611500000119,1980-09-03,1961-11-20,"PORTO ALEGRE","RS","ATIVO","FASE OPERACIONAL","Corporate Governance - Level 1","Materiais Básicos","Siderurgia e Metalurgia","Siderurgia","GGBR3;GGBR4",2009-12-31,2019-12-31
"GOL LINHAS AEREAS INTELIGENTES SA",19569,6164253000187,2004-06-09,2004-03-12,"SÃO PAULO","SP","ATIVO","FASE OPERACIONAL","Corporate Governance - Level 2","Bens Industriais","Transporte","Transporte Aéreo","GOLL4",2009-12-31,2019-12-31
"GPC PARTICIPACOES SA",16632,2193750000152,1997-11-20,1997-10-01,"RIO DE JANEIRO","RJ","ATIVO","EM RECUPERAÇÃO JUDICIAL OU EQUIVALENTE","Tradicional","Materiais Básicos","Químicos","Petroquímicos","GPCP3;GPCP4",2009-12-31,2018-12-31
"GRAZZIOTIN SA",4537,92012467000170,1979-01-31,1950-05-24,"PASSO FUNDO","RS","ATIVO","FASE OPERACIONAL","Tradicional","Consumo Cíclico","Comércio","Tecidos. Vestuário e Calçados","CGRA3;CGRA4",2009-12-31,2019-12-31
"GRENDENE SA",19615,89850341000160,2004-10-26,1971-02-25,"FARROUPILHA","RS","ATIVO","FASE OPERACIONAL","Novo Mercado","Consumo Cíclico","Tecidos. Vestuário e Calçados","Calçados","GRND3",2009-12-31,2019-12-31
"GRUPO SBF S.A.",24694,13217485000111,2019-04-15,2011-01-31,"SÃO PAULO","SP","ATIVO","FASE OPERACIONAL","Novo Mercado","Consumo Cíclico","Comércio","Produtos Diversos","CNTO3",2018-12-31,2018-12-31
"GUARARAPES CONFECÇÕES SA",4669,8402943000152,1958-10-16,1956-10-06,"SÃO PAULO","SP","ATIVO","FASE OPERACIONAL","Tradicional","Consumo Cíclico","Comércio","Tecidos. Vestuário e Calçados","GUAR3",2009-12-31,2019-12-31
"HAGA S.A. INDÚSTRIA E COMÉRCIO",13366,30540991000166,1988-09-01,1946-05-02,"NOVA FRIBURGO","RJ","ATIVO","FASE OPERACIONAL","Tradicional","Bens Industriais","Construção e Engenharia","Produtos para Construção","HAGA3;HAGA4",2009-12-31,2019-12-31
"HAPVIDA PARTICIPAÇÕES E INVESTIMENTOS S.A.",24392,5197443000138,2018-04-20,2001-08-30,"FORTALEZA","CE","ATIVO","FASE OPERACIONAL","Novo Mercado","Saúde","Serv.Méd.Hospit..Análises e Diagnósticos","Serv.Méd.Hospit..Análises e Diagnósticos","HAPV3",2017-12-31,2019-12-31
"HELBOR EMPREENDIMENTOS S/A",20877,49263189000102,2007-07-09,1977-01-01,"SÃO PAULO","SP","ATIVO","FASE OPERACIONAL","Novo Mercado","Consumo Cíclico","Construção Civil","Incorporações","HBOR3",2009-12-31,2019-12-31
"HERCULES S/A - FABRICA DE TALHERES",6629,92749225000163,1968-11-01,1936-01-01,"PORTO ALEGRE","RS","ATIVO","FASE OPERACIONAL","Tradicional","Consumo Cíclico","Utilidades Domésticas","Utensílios Domésticos","HETA3;HETA4",2009-12-31,2019-12-31
"HOTEIS OTHON SA",6700,33200049000147,1980-08-08,1943-04-28,"RIO DE JANEIRO","RJ","ATIVO","FASE OPERACIONAL","Tradicional","Consumo Cíclico","Hoteis e Restaurantes","Hotelaria","HOOT3;HOOT4",2009-12-31,2019-12-31
"HYPERA S/A",21431,2932074000191,2008-04-16,2002-01-01,"SÃO PAULO","SP","ATIVO","FASE OPERACIONAL","Novo Mercado","Saúde","Comércio e Distribuição","Medicamentos e Outros Produtos","HYPE3",2009-12-31,2018-12-31
"IDEIASNET SA",18414,2365069000144,1999-08-02,1998-01-26,"RIO DE JANEIRO","RJ","ATIVO","FASE OPERACIONAL","Tradicional","Financeiro","Serviços Financeiros Diversos","Serviços Financeiros Diversos","IDNT3",2009-12-31,2019-12-31
"IGUA SANEAMENTO S.A.",23175,8159965000133,2013-05-13,2006-06-26,"SÃO PAULO",NA,"ATIVO","FASE OPERACIONAL","Bovespa Mais","Utilidade Pública","água e Saneamento","água e Saneamento","IGSN3",2012-12-31,2019-12-31
"IGUATEMI EMPRESA DE SHOPPING CENTERS S/A",20494,51218147000193,2007-02-02,1979-05-23,"SÃO PAULO","SP","ATIVO","FASE OPERACIONAL","Novo Mercado","Financeiro","Exploração de Imóveis","Exploração de Imóveis","IGTA3",2009-12-31,2019-12-31
"INDS J B DUARTE SA",12319,60637238000154,1985-03-14,1972-06-16,"SÃO PAULO","SP","ATIVO","FASE OPERACIONAL","Tradicional","Outros","Outros","Outros","JBDU3;JBDU4",2009-12-31,2018-12-31
"INDÚSTRIAS ROMI S.A.",7510,56720428000163,1938-04-19,1938-04-19,"SANTA BÁRBARA D'OESTE","SP","ATIVO","FASE OPERACIONAL","Novo Mercado","Bens Industriais","Máquinas e Equipamentos","Máq. e Equip. Industriais","ROMI3",2009-12-31,2019-12-31
"INSTITUTO HERMES PARDINI S/A",24090,19378769000176,2017-02-10,1977-02-02,"VESPASIANO","MG","ATIVO","FASE OPERACIONAL","Novo Mercado","Saúde","Serv.Méd.Hospit..Análises e Diagnósticos","Serv.Méd.Hospit..Análises e Diagnósticos","PARD3",2015-12-31,2019-12-31
"INTER CONSTRUTORA E INCORPORADORA S.A",24279,9611768000176,2017-11-09,2008-06-03,"JUIZ DE FORA",NA,"ATIVO","FASE OPERACIONAL","Bovespa Mais","Consumo Cíclico","Construção Civil","Incorporações","INNT3",2016-12-31,2019-12-31
"INTERNATIONAL MEAL COMPANY ALIMENTAÇÃO S.A.",23574,17314329000120,2015-03-19,1965-01-02,"SÃO PAULO","SP","ATIVO","FASE OPERACIONAL","Novo Mercado","Consumo Cíclico","Hoteis e Restaurantes","Restaurante e Similares","MEAL3",2013-12-31,2018-12-31
"INVEST.E PART.EM INFRA-ESTR.S/A-INVEPAR",18775,3758318000124,2000-09-29,2000-03-01,NA,NA,"ATIVO","FASE OPERACIONAL","Tradicional","Bens Industriais","Transporte","Serviços de Apoio e Armazenagem","IVPR3B;IVPR4B",2009-12-31,2018-12-31
"INVESTIMENTOS BEMGE S.A.",6041,1548981000179,1977-07-20,1964-06-30,"SÃO PAULO","SP","ATIVO","FASE OPERACIONAL","Tradicional","Outros","Outros","Outros","FIGE3;FIGE4",2009-12-31,2019-12-31
"IOCHPE-MAXION SA",11932,61156113000175,1984-07-17,1940-05-28,"SÃO PAULO","SP","ATIVO","FASE OPERACIONAL","Novo Mercado","Consumo Cíclico","Automóveis e Motocicletas","Automóveis e Motocicletas","MYPK3",2009-12-31,2018-12-31
"IRANI PAPEL E EMBALAGEM S.A.",2429,92791243000103,1977-07-20,1941-06-06,"PORTO ALEGRE","RS","ATIVO","FASE OPERACIONAL","Tradicional","Materiais Básicos","Madeira e Papel","Papel e Celulose","RANI3;RANI4",2009-12-31,2019-12-31
"IRB - BRASIL RESSEGUROS S.A.",24180,33376989000191,2017-07-27,1939-04-03,"RIO DE JANEIRO","RJ","ATIVO","FASE OPERACIONAL","Novo Mercado","Financeiro","Previdência e Seguros","Seguradoras","IRBR3",2016-12-31,2019-12-31
"ITAÚ UNIBANCO HOLDING S.A.",19348,60872504000123,2002-12-30,1943-01-01,"SÃO PAULO","SP","ATIVO","FASE OPERACIONAL","Corporate Governance - Level 1","Financeiro","Intermediários Financeiros","Bancos","ITUB3;ITUB4",2009-12-31,2019-12-31
"ITAÚSA - INVESTIMENTOS ITAÚ S.A.",7617,61532644000115,1977-07-20,1966-05-06,"SÃO PAULO","SP","ATIVO","FASE OPERACIONAL","Corporate Governance - Level 1","Financeiro","Intermediários Financeiros","Bancos","ITSA3;ITSA4",2009-12-31,2019-12-31
"JBS SA",20575,2916265000160,2007-03-27,1953-01-01,"SÃO PAULO","SP","ATIVO","FASE OPERACIONAL","Novo Mercado","Consumo não Cíclico","Alimentos Processados","Carnes e Derivados","JBSS3",2009-12-31,2019-12-31
"JEREISSATI PARTICIPAÇÕES S/A",8672,60543816000193,1946-03-12,1946-01-24,"SÃO PAULO","SP","ATIVO","FASE OPERACIONAL","Tradicional","Financeiro","Exploração de Imóveis","Exploração de Imóveis","JPSA3",2009-12-31,2018-12-31
"JHSF PARTICIPAÇÕES SA",20605,8294224000165,2007-04-04,2006-06-29,"SÃO PAULO","SP","ATIVO","FASE OPERACIONAL","Novo Mercado","Consumo Cíclico","Construção Civil","Incorporações","JHSF3",2009-12-31,2019-12-31
"JOAO FORTES ENGENHARIA SA",7811,33035536000100,1977-07-20,1940-10-10,"RIO DE JANEIRO","RJ","ATIVO","FASE OPERACIONAL","Tradicional","Consumo Cíclico","Construção Civil","Incorporações","JFEN3",2009-12-31,2018-12-31
"JOSAPAR- JOAQUIM OLIVEIRA S/A PARTICIP",13285,87456562000122,1988-03-04,1920-01-01,"PORTO ALEGRE","RS","ATIVO","FASE OPERACIONAL","Tradicional","Consumo não Cíclico","Alimentos Processados","Alimentos Diversos","JOPA3;JOPA4",2009-12-31,2019-12-31
"JSL S.A.",22020,52548435000179,2010-04-15,1969-08-05,"MOGI DAS CRUZES","SP","ATIVO","FASE OPERACIONAL","Novo Mercado","Bens Industriais","Transporte","Transporte Rodoviário","JSLG3",2009-12-31,2018-12-31
"KARSTEN SA",4146,82640558000104,1971-12-29,1933-12-23,"BLUMENAU","SC","ATIVO","FASE OPERACIONAL","Tradicional","Consumo Cíclico","Tecidos. Vestuário e Calçados","Fios e Tecidos","CTKA3;CTKA4",2009-12-31,2019-12-31
"KEPLER WEBER SA",7870,91983056000169,1980-12-15,1935-01-01,"SÃO PAULO","SP","ATIVO","FASE OPERACIONAL","Tradicional","Bens Industriais","Máquinas e Equipamentos","Máq. e Equip. Industriais","KEPL3",2009-12-31,2019-12-31
"KLABIN S.A.",12653,89637490000145,1997-08-06,1978-11-08,"SÃO PAULO","SP","ATIVO","FASE OPERACIONAL","Corporate Governance - Level 2","Materiais Básicos","Madeira e Papel","Papel e Celulose","KLBN11;KLBN3;KLBN4",2009-12-31,2019-12-31
"KROTON EDUCACIONAL S.A.",17973,2800026000140,1998-12-01,1998-08-26,"SÃO PAULO","SP","ATIVO","FASE OPERACIONAL","Novo Mercado","Consumo Cíclico","Diversos","Serviços Educacionais","COGN3",2009-12-31,2019-12-31
"LIFEMED INDUSTRIAL DE EQUIP. E ART. MEDICOS E HOSP. S.A.",24872,2357251000153,2019-11-08,1997-12-22,"PELOTAS","RS","ATIVO","FASE OPERACIONAL","Bovespa Mais","Saúde","Equipamentos","Equipamentos","LMED3",2017-12-31,2018-12-31
"LIGHT SA",19879,3378521000175,2005-12-12,1999-07-27,"RIO DE JANEIRO",NA,"ATIVO","FASE OPERACIONAL","Novo Mercado","Utilidade Pública","Energia Elétrica","Energia Elétrica","LIGT3",2009-12-31,2018-12-31
"LINX S.A.",23035,6948969000175,2013-02-06,2004-07-20,"SÃO PAULO","SP","ATIVO","FASE OPERACIONAL","Novo Mercado","Tecnologia da Informação","Programas e Serviços","Programas e Serviços","LINX3",2011-12-31,2019-12-31
"LITEL PARTICIPACOES SA",15091,743065000127,1995-10-18,1995-10-01,"RIO DE JANEIRO","RJ","ATIVO","FASE OPERACIONAL","Tradicional","Materiais Básicos","Mineração","Minerais Metálicos","LTEL3B",2009-12-31,2019-12-31
"LITELA PARTICIPAÇÕES S.A.",24759,5495546000184,2019-09-05,2003-01-30,"RIO DE JANEIRO","RJ","ATIVO","FASE OPERACIONAL","Tradicional","Materiais Básicos","Mineração","Minerais Metálicos","LTLA3B",2018-12-31,2019-12-31
"LOCALIZA RENT A CAR SA",19739,16670085000155,2005-05-06,1973-09-14,"BELO HORIZONTE",NA,"ATIVO","FASE OPERACIONAL","Novo Mercado","Consumo Cíclico","Diversos","Aluguel de carros","RENT3",2009-12-31,2019-12-31
"LOCAWEB SERVIÇOS DE INTERNET S.A.",24910,2351877000152,2020-02-04,1997-10-29,"SÃO PAULO","SP","ATIVO","FASE OPERACIONAL","Novo Mercado","Tecnologia da Informação","Programas e Serviços","Programas e Serviços","LWSA3",2018-12-31,2019-12-31
"LOG COMMERCIAL PROPERTIES E PARTICIPAÇÕES S.A.",23272,9041168000110,2013-11-12,2007-07-03,"BELO HORIZONTE","MG","ATIVO","FASE OPERACIONAL","Novo Mercado","Financeiro","Exploração de Imóveis","Exploração de Imóveis","LOGG3",2012-12-31,2019-12-31
"LOG-IN LOGISTICA INTERMODAL SA",20710,42278291000124,2007-06-04,1988-07-31,"RIO DE JANEIRO","RJ","ATIVO","FASE OPERACIONAL","Novo Mercado","Bens Industriais","Transporte","Transporte Hidroviário","LOGN3",2009-12-31,2019-12-31
"LOJAS AMERICANAS SA",8087,33014556000196,1977-07-20,1929-05-27,"RIO DE JANEIRO","RJ","ATIVO","FASE OPERACIONAL","Corporate Governance - Level 1","Consumo Cíclico","Comércio","Produtos Diversos","LAME3;LAME4",2009-12-31,2019-12-31
"LOJAS RENNER SA",8133,92754738000162,1977-07-20,1965-06-10,"PORTO ALEGRE","RS","ATIVO","FASE OPERACIONAL","Novo Mercado","Consumo Cíclico","Comércio","Tecidos. Vestuário e Calçados","LREN3",2009-12-31,2019-12-31
"LPS BRASIL CONSULTORIA DE IMOVEIS S/A",20370,8078847000109,2006-12-12,2006-05-22,"SÃO PAULO","SP","ATIVO","FASE OPERACIONAL","Novo Mercado","Financeiro","Exploração de Imóveis","Intermediação Imobiliária","LPSB3",2009-12-31,2018-12-31
"M DIAS BRANCO SA IND E COM DE ALIMENTOS",20338,7206816000115,2006-10-11,1961-01-01,"EUSÉBIO","CE","ATIVO","FASE OPERACIONAL","Novo Mercado","Consumo não Cíclico","Alimentos Processados","Alimentos Diversos","MDIA3",2009-12-31,2019-12-31
"MAESTRO LOCADORA DE VEÍCULOS S.A.",23612,8795211000170,2015-05-26,2007-04-05,"SÃO PAULO","SP","ATIVO","FASE OPERACIONAL","Bovespa Mais","Consumo Cíclico","Diversos","Aluguel de carros","MSRO3",2014-12-31,2019-12-31
"MAGAZINE LUIZA SA",22470,47960950000121,2011-04-28,1957-10-30,"SÃO PAULO","SP","ATIVO","FASE OPERACIONAL","Novo Mercado","Consumo Cíclico","Comércio","Eletrodomésticos","MGLU3",2010-12-31,2019-12-31
"MAHLE METAL LEVE S.A.",8575,60476884000187,1977-07-20,1950-08-22,"MOGI GUAÇU","SP","ATIVO","FASE OPERACIONAL","Novo Mercado","Consumo Cíclico","Automóveis e Motocicletas","Automóveis e Motocicletas","LEVE3",2009-12-31,2019-12-31
"MANGELS INDUSTRIAL S.A.",8397,61065298000102,1971-12-28,1928-10-01,"SÃO BERNARDO DO CAMPO","SP","ATIVO","FASE OPERACIONAL","Tradicional","Materiais Básicos","Siderurgia e Metalurgia","Artefatos de Ferro e Aço","MGEL3;MGEL4",2009-12-31,2019-12-31
"MANUFATURA DE  BRINQUEDOS ESTRELA SA",8427,61082004000150,1968-06-28,1944-12-19,"SÃO PAULO","SP","ATIVO","FASE OPERACIONAL","Tradicional","Consumo Cíclico","Viagens e Lazer","Brinquedos e Jogos","ESTR3;ESTR4",2009-12-31,2019-12-31
"MARCOPOLO SA",8451,88611835000129,1977-07-20,1949-08-06,"CAXIAS DO SUL","RS","ATIVO","FASE OPERACIONAL","Corporate Governance - Level 2","Bens Industriais","Material de Transporte","Material Rodoviário","POMO3;POMO4",2009-12-31,2019-12-31
"MARFRIG GLOBAL FOODS SA",20788,3853896000140,2007-06-18,2000-04-06,"SÃO PAULO","SP","ATIVO","FASE OPERACIONAL","Novo Mercado","Consumo não Cíclico","Alimentos Processados","Carnes e Derivados","MRFG3",2009-12-31,2019-12-31
"MARISA LOJAS SA",22055,61189288000189,2010-06-14,1959-04-28,"SÃO PAULO","SP","ATIVO","FASE OPERACIONAL","Novo Mercado","Consumo Cíclico","Comércio","Tecidos. Vestuário e Calçados","AMAR3",2009-12-31,2019-12-31
"MERCANTIL DO BR FINC SA CFI",8540,33040601000187,1977-07-20,1972-12-12,"BELO HORIZONTE","MG","ATIVO","FASE OPERACIONAL","Tradicional","Financeiro","Intermediários Financeiros","Soc. Crédito e Financiamento","MERC3;MERC4",2009-12-31,2018-12-31
"METALFRIO SOLUTIONS S/A",20613,4821041000108,2007-04-10,1960-01-01,"SÃO PAULO",NA,"ATIVO","FASE OPERACIONAL","Novo Mercado","Bens Industriais","Máquinas e Equipamentos","Máq. e Equip. Industriais","FRIO3",2009-12-31,2019-12-31
"METALGRAFICA IGUACU SA",8605,80227184000166,1968-09-02,1962-09-30,"SÃO PAULO","SP","ATIVO","FASE OPERACIONAL","Tradicional","Materiais Básicos","Embalagens","Embalagens","MTIG3;MTIG4",2009-12-31,2019-12-31
"METALURGICA GERDAU SA",8656,92690783000109,1968-05-17,1939-08-24,"PORTO ALEGRE","RS","ATIVO","FASE OPERACIONAL","Corporate Governance - Level 1","Materiais Básicos","Siderurgia e Metalurgia","Siderurgia","GOAU3;GOAU4",2009-12-31,2018-12-31
"METALURGICA RIOSULENSE SA",13439,85778074000106,1988-11-29,NA,"RIO DO SUL","SC","ATIVO","FASE OPERACIONAL","Tradicional","Bens Industriais","Material de Transporte","Material Rodoviário","RSUL3;RSUL4",2009-12-31,2019-12-31
"METISA METALÚRGICA  TIMBOENSE SA",8753,86375425000109,1971-05-18,1942-01-05,"TIMBÓ","SC","ATIVO","FASE OPERACIONAL","Tradicional","Bens Industriais","Máquinas e Equipamentos","Máq. e Equip. Construção e Agrícolas","MTSA3;MTSA4",2009-12-31,2019-12-31
"MILLS ESTRUTURAS E SERVIÇOS DE ENGENHARIA S/A",22012,27093558000115,2010-04-14,1980-12-01,"RIO DE JANEIRO",NA,"ATIVO","FASE OPERACIONAL","Novo Mercado","Bens Industriais","Construção e Engenharia","Serviços Diversos","MILS3",2009-12-31,2019-12-31
"MINASMAQUINAS SA",8818,17161241000115,1977-07-20,1961-09-08,"BELO HORIZONTE","MG","ATIVO","FASE OPERACIONAL","Tradicional","Bens Industriais","Comércio","Material de Transporte","MMAQ3;MMAQ4",2009-12-31,2019-12-31
"MINERVA S/A",20931,67620377000114,2007-07-18,1992-01-01,"SÃO PAULO","SP","ATIVO","FASE OPERACIONAL","Novo Mercado","Consumo não Cíclico","Alimentos Processados","Carnes e Derivados","BEEF3",2009-12-31,2018-12-31
"MINUPAR PARTICIPACOES SA",13765,90076886000140,1990-12-21,1984-08-01,"LAJEADO","RS","ATIVO","FASE OPERACIONAL","Tradicional","Consumo não Cíclico","Alimentos Processados","Carnes e Derivados","MNPR3",2009-12-31,2019-12-31
"MITRE REALTY EMPREENDIMENTOS E PARTICIPAÇÕES S.A.",24902,7882930000165,2020-02-03,2005-09-09,"SÃO PAULO","SP","ATIVO","FASE OPERACIONAL","Novo Mercado","Consumo Cíclico","Construção Civil","Incorporações","MTRE3",2018-12-31,2019-12-31
"MONTEIRO ARANHA SA",8893,33102476000192,1980-05-07,1947-12-16,"RIO DE JANEIRO","RJ","ATIVO","FASE OPERACIONAL","Tradicional","Financeiro","Holdings Diversificadas","Holdings Diversificadas","MOAR3",2009-12-31,2019-12-31
"MOURA DUBEUX ENGENHARIA S/A",21067,12049631000184,2007-08-23,1983-01-01,"RECIFE",NA,"ATIVO","FASE OPERACIONAL","Novo Mercado","Consumo Cíclico","Construção Civil","Incorporações","MDNE3",2009-12-31,2019-12-31
"MOVIDA PARTICIPAÇÕES S.A.",23825,21314559000166,2016-01-29,2015-10-29,"SÃO PAULO","SP","ATIVO","FASE OPERACIONAL","Novo Mercado","Consumo Cíclico","Diversos","Aluguel de carros","MOVI3",2014-12-31,2018-12-31
"MRS LOGÍSTICA S/A",17949,1417222000177,1998-11-13,1996-06-30,"RIO DE JANEIRO","RJ","ATIVO","FASE OPERACIONAL","Tradicional","Bens Industriais","Transporte","Transporte Ferroviário","MRSA3B;MRSA5B;MRSA6B",2009-12-31,2019-12-31
"MRV ENGENHARIA E PARTICIPAÇÕES S/A",20915,8343492000120,2007-07-13,2006-05-31,"BELO HORIZONTE","MG","ATIVO","FASE OPERACIONAL","Novo Mercado","Consumo Cíclico","Construção Civil","Incorporações","MRVE3",2009-12-31,2018-12-31
"MULTIPLAN EMP. IMOBILIARIOS S/A",20982,7816890000153,2007-07-25,2005-12-30,"RIO DE JANEIRO","RJ","ATIVO","FASE OPERACIONAL","Corporate Governance - Level 2","Financeiro","Exploração de Imóveis","Exploração de Imóveis","MULT3",2009-12-31,2019-12-31
"MUNDIAL S.A - PRODUTOS DE CONSUMO",5312,88610191000154,1979-12-12,1896-04-02,"PORTO ALEGRE","RS","ATIVO","FASE OPERACIONAL","Tradicional","Consumo Cíclico","Tecidos. Vestuário e Calçados","Acessórios","MNDL3",2009-12-31,2019-12-31
"NATURA & CO HOLDING S.A.",24783,32785497000197,2019-09-25,2019-01-21,"SÃO PAULO","SP","ATIVO","FASE OPERACIONAL","Novo Mercado","Consumo não Cíclico","Produtos de Uso Pessoal e de Limpeza","Produtos de Uso Pessoal","NTCO3",2018-12-31,2018-12-31
"NEOENERGIA S.A",15539,1083200000118,1996-05-08,1996-02-14,"RIO DE JANEIRO","RJ","ATIVO","FASE OPERACIONAL","Novo Mercado","Utilidade Pública","Energia Elétrica","Energia Elétrica","NEOE3",2009-12-31,2019-12-31
"NORDON INDS METALURGICAS SA",9083,60884319000159,1956-08-23,1956-08-23,"CURITIBA","PR","ATIVO","PARALISADA","Tradicional","Bens Industriais","Máquinas e Equipamentos","Máq. e Equip. Industriais","NORD3",2009-12-31,2018-12-31
"NORTEC QUIMICA S.A.",22985,29950060000157,2012-11-23,2002-07-25,"DUQUE DE CAXIAS","RJ","ATIVO","FASE OPERACIONAL","Bovespa Mais","Saúde","Medicamentos e Outros Produtos","Medicamentos e Outros Produtos","NRTQ3",2011-12-31,2019-12-31
"NOTRE DAME INTERMÉDICA PARTICIPAÇÕES S.A.",24384,19853511000184,2018-04-19,2014-02-18,"SÃO PAULO","SP","ATIVO","FASE OPERACIONAL","Novo Mercado","Saúde","Serv.Méd.Hospit..Análises e Diagnósticos","Serv.Méd.Hospit..Análises e Diagnósticos","GNDI3",2017-12-31,2018-12-31
"ODONTOPREV S/A",20125,58119199000151,2006-06-13,1987-01-01,"BARUERI","SP","ATIVO","FASE OPERACIONAL","Novo Mercado","Saúde","Serv.Méd.Hospit..Análises e Diagnósticos","Serv.Méd.Hospit..Análises e Diagnósticos","ODPV3",2009-12-31,2019-12-31
"OMEGA GERAÇÃO S.A.",23426,9149503000106,2014-07-07,2007-09-26,"SÃO PAULO","SP","ATIVO","FASE OPERACIONAL","Novo Mercado","Utilidade Pública","Energia Elétrica","Energia Elétrica","OMGE3",2013-12-31,2019-12-31
"OPPORTUNITY ENERGIA E PARTICIPAÇÕES S.A.",16942,2318346000168,1998-03-06,1997-11-06,"RIO DE JANEIRO","RJ","ATIVO","FASE OPERACIONAL","Tradicional","Outros","Outros","Outros","OPHE3B",2009-12-31,2019-12-31
"OURO FINO SAÚDE ANIMAL PARTICIPAÇÕES S.A.",23507,20258278000170,2014-10-17,2014-04-10,"CRAVINHOS","SP","ATIVO","FASE OPERACIONAL","Novo Mercado","Saúde","Medicamentos e Outros Produtos","Medicamentos e Outros Produtos","OFSA3",2013-12-31,2019-12-31
"PANATLANTICA SA",94,92693019000189,1971-12-29,1967-07-20,"GRAVATAÍ","RS","ATIVO","FASE OPERACIONAL","Tradicional","Materiais Básicos","Siderurgia e Metalurgia","Artefatos de Ferro e Aço","PATI3;PATI4",2009-12-31,2019-12-31
"PARANAPANEMA SA",9393,60398369000479,1977-07-20,1977-07-20,"SÃO PAULO","SP","ATIVO","FASE OPERACIONAL","Novo Mercado","Materiais Básicos","Siderurgia e Metalurgia","Artefatos de Cobre","PMAM3",2009-12-31,2019-12-31
"PBG S/A",13773,83475913000191,1991-01-04,1778-09-05,"TIJUCAS","SC","ATIVO","FASE OPERACIONAL","Novo Mercado","Bens Industriais","Construção e Engenharia","Produtos para Construção","PTBL3",2009-12-31,2019-12-31
"PETRO RIO S.A.",22187,10629105000168,2010-10-21,2008-10-13,"RIO DE JANEIRO","RJ","ATIVO","FASE OPERACIONAL","Novo Mercado","Petróleo. Gás e Biocombustíveis","Petróleo. Gás e Biocombustíveis","Exploração. Refino e Distribuição","PRIO3",2009-12-31,2019-12-31
"PETROBRAS DISTRIBUIDORA SA",24295,34274233000102,2017-12-12,1971-11-12,"RIO DE JANEIRO",NA,"ATIVO","FASE OPERACIONAL","Novo Mercado","Petróleo. Gás e Biocombustíveis","Petróleo. Gás e Biocombustíveis","Exploração. Refino e Distribuição","BRDT3",2016-12-31,2019-12-31
"PETRÓLEO BRASILEIRO  S.A.  - PETROBRAS",9512,33000167000101,1977-07-20,1953-10-03,"RIO DE JANEIRO",NA,"ATIVO","FASE OPERACIONAL","Corporate Governance - Level 2","Petróleo. Gás e Biocombustíveis","Petróleo. Gás e Biocombustíveis","Exploração. Refino e Distribuição","PETR3;PETR4",2009-12-31,2019-12-31
"PETTENATI SA IND TEXTIL",9539,88613658000110,1981-02-04,1964-06-11,"CAXIAS DO SUL","RS","ATIVO","FASE OPERACIONAL","Tradicional","Consumo Cíclico","Tecidos. Vestuário e Calçados","Fios e Tecidos","PTNT3;PTNT4",2009-12-31,2019-12-31
"PLASCAR PARTICIPAÇÕES INDUSTRIAIS S.A",13471,51928174000150,1989-04-19,1984-05-02,"JUNDIAÍ","SP","ATIVO","FASE OPERACIONAL","Tradicional","Consumo Cíclico","Automóveis e Motocicletas","Automóveis e Motocicletas","PLAS3",2009-12-31,2019-12-31
"POLPAR S.A.",13447,59789545000171,1989-03-03,1988-11-29,"SÃO PAULO","SP","ATIVO","FASE OPERACIONAL","Tradicional","Outros","Outros","Outros","PPAR3",2009-12-31,2019-12-31
"PORTO SEGURO SA",16659,2149205000169,1997-11-28,1997-09-22,"SÃO PAULO","SP","ATIVO","FASE OPERACIONAL","Novo Mercado","Financeiro","Previdência e Seguros","Seguradoras","PSSA3",2009-12-31,2019-12-31
"POSITIVO TECNOLOGIA S.A.",20362,81243735000148,2006-12-06,1972-01-01,"CURITIBA","PR","ATIVO","FASE OPERACIONAL","Novo Mercado","Tecnologia da Informação","Computadores e Equipamentos","Computadores e Equipamentos","POSI3",2009-12-31,2019-12-31
"PRÁTICA KLIMAQUIP INDÚSTRIA E COMÉRCIO S.A.",24546,8574411000100,2018-09-27,2006-12-20,"POUSO ALEGRE","MG","ATIVO","FASE OPERACIONAL","Bovespa Mais - Level 2","Bens Industriais","Máquinas e Equipamentos","Máq. e Equip. Industriais","PTCA11;PTCA3",2017-12-31,2019-12-31
"PRINER SERVIÇOS INDUSTRIAIS S.A.",24236,18593815000197,2017-10-02,2013-07-12,"RIO DE JANEIRO","RJ","ATIVO","FASE OPERACIONAL","Novo Mercado","Bens Industriais","Serviços","Serviços Diversos","PRNR3",2016-12-31,2019-12-31
"PRODUTORES ENERGETICOS DE MANSO SA",19232,2291077000193,2002-02-07,1997-12-10,"RIO DE JANEIRO","RJ","ATIVO","FASE OPERACIONAL","Tradicional","Utilidade Pública","Energia Elétrica","Energia Elétrica","PRMN3B",2009-12-31,2019-12-31
"PROFARMA DISTRIB. PRODUTOS FARMACEUTICOS",20346,45453214000151,2006-10-24,1961-01-01,"RIO DE JANEIRO","RJ","ATIVO","FASE OPERACIONAL","Novo Mercado","Saúde","Comércio e Distribuição","Medicamentos e Outros Produtos","PFRM3",2009-12-31,2019-12-31
"PROMPT PARTICIPAÇÕES S.A.",18333,2992449000109,1999-06-18,1998-11-20,"RIO DE JANEIRO","RJ","ATIVO","FASE OPERACIONAL","Tradicional","Outros","Outros","Outros","PRPT3B",2009-12-31,2019-12-31
"QUALICORP SA",22497,11992680000193,2011-06-17,2010-02-12,"SÃO PAULO","SP","ATIVO","FASE OPERACIONAL","Novo Mercado","Saúde","Serv.Méd.Hospit..Análises e Diagnósticos","Serv.Méd.Hospit..Análises e Diagnósticos","QUAL3",2010-12-31,2018-12-31
"QUALITY SOFTWARE S.A.",23302,35791391000194,2013-12-03,1989-09-06,"RIO DE JANEIRO","RJ","ATIVO","FASE PRÉ-OPERACIONAL","Bovespa Mais","Tecnologia da Informação","Programas e Serviços","Programas e Serviços","QUSW3",2012-12-31,2019-12-31
"RAIA DROGASIL S.A.",5258,61585865000151,1977-07-20,1935-03-28,"SÃO PAULO","SP","ATIVO","FASE OPERACIONAL","Novo Mercado","Saúde","Comércio e Distribuição","Medicamentos e Outros Produtos","RADL3",2009-12-31,2019-12-31
"RANDON S.A. IMPLEMENTOS E PARTICIPAÇÕES",14109,89086144000116,1993-02-05,1992-09-16,"CAXIAS DO SUL","RS","ATIVO","FASE OPERACIONAL","Corporate Governance - Level 1","Bens Industriais","Material de Transporte","Material Rodoviário","RAPT3;RAPT4",2009-12-31,2018-12-31
"RECRUSUL SA",12572,91333666000117,1985-12-20,1954-05-31,"SAPUCAIA DO SUL","RS","ATIVO","FASE OPERACIONAL","Tradicional","Bens Industriais","Material de Transporte","Material Rodoviário","RCSL3;RCSL4",2009-12-31,2019-12-31
"REDE ENERGIA PARTICIPAÇÕES S.A.",3190,61584140000149,1969-10-16,1929-01-02,"CATAGUASES","MG","ATIVO","FASE OPERACIONAL","Tradicional","Utilidade Pública","Energia Elétrica","Energia Elétrica","REDE3",2009-12-31,2019-12-31
"REFINARIA PET MANGUINHOS SA",9989,33412081000196,1970-05-14,1946-02-01,"RIO DE JANEIRO","RJ","ATIVO","EM RECUPERAÇÃO JUDICIAL OU EQUIVALENTE","Tradicional","Petróleo. Gás e Biocombustíveis","Petróleo. Gás e Biocombustíveis","Exploração. Refino e Distribuição","RPMG3",2009-12-31,2019-12-31
"RENOVA ENERGIA S/A",21636,8534605000174,2008-08-20,2006-12-06,"SÃO PAULO","SP","ATIVO","FASE OPERACIONAL","Corporate Governance - Level 2","Utilidade Pública","Energia Elétrica","Energia Elétrica","RNEW11;RNEW3;RNEW4",2009-12-31,2018-12-31
"RESTOQUE COMÉRCIO E CONFECÇÕES DE ROUPAS SA",21440,49669856000143,2008-04-18,1982-01-01,"SÃO PAULO",NA,"ATIVO","FASE OPERACIONAL","Novo Mercado","Consumo Cíclico","Comércio","Tecidos. Vestuário e Calçados","LLIS3",2009-12-31,2019-12-31
"RIO PARANAPANEMA ENERGIA SA",18368,2998301000181,1999-07-14,1999-02-04,"SÃO PAULO","SP","ATIVO","FASE OPERACIONAL","Tradicional","Utilidade Pública","Energia Elétrica","Energia Elétrica","GEPA3;GEPA4",2009-12-31,2018-12-31
"RNI NEGÓCIOS IMOBILIÁRIOS S.A.",20451,67010660000124,2007-01-18,1949-01-01,"SÃO JOSÉ DO RIO PRETO","SP","ATIVO","FASE OPERACIONAL","Novo Mercado","Consumo Cíclico","Construção Civil","Incorporações","RDNI3",2009-12-31,2019-12-31
"ROSSI RESIDENCIAL SA",16306,61065751000180,1997-07-01,1980-01-01,"SÃO PAULO","SP","ATIVO","FASE OPERACIONAL","Novo Mercado","Consumo Cíclico","Construção Civil","Incorporações","RSID3",2009-12-31,2019-12-31
"RUMO MALHA NORTE S.A.",15300,24962466000136,1995-12-27,1988-09-22,"CURITIBA",NA,"ATIVO","FASE OPERACIONAL","Tradicional","Bens Industriais","Transporte","Transporte Ferroviário","FRRN3B;FRRN5B;FRRN6B",2009-12-31,2019-12-31
"RUMO S.A.",17450,2387241000160,1998-07-02,1997-09-30,"CURITIBA",NA,"ATIVO","FASE OPERACIONAL","Novo Mercado","Bens Industriais","Transporte","Transporte Ferroviário","RAIL3",2009-12-31,2019-12-31
"SANSUY SA INDÚSTRIA  DE PLASTICOS",12696,14807945000124,1986-05-06,1979-09-10,"EMBU DAS ARTES",NA,"ATIVO","EM RECUPERAÇÃO JUDICIAL OU EQUIVALENTE","Tradicional","Materiais Básicos","Materiais Diversos","Materiais Diversos","SNSY3;SNSY5;SNSY6",2009-12-31,2019-12-31
"SANTOS BRASIL PARTICIPAÇÕES S.A.",17892,2762121000104,1998-11-09,1998-08-25,"SÃO PAULO","SP","ATIVO","FASE OPERACIONAL","Novo Mercado","Bens Industriais","Transporte","Serviços de Apoio e Armazenagem","STBP3",2009-12-31,2019-12-31
"SÃO CARLOS EMPREENDS E PARTICIPAÇÕES S.A",13781,29780061000109,1991-03-25,1985-10-10,"SÃO PAULO","SP","ATIVO","FASE OPERACIONAL","Novo Mercado","Financeiro","Exploração de Imóveis","Exploração de Imóveis","SCAR3",2009-12-31,2019-12-31
"SÃO MARTINHO SA",20516,51466860000156,2007-02-07,1937-07-14,"SÃO PAULO","SP","ATIVO","FASE OPERACIONAL","Novo Mercado","Consumo não Cíclico","Alimentos Processados","Açucar e Alcool","SMTO3",2009-12-31,2019-12-31
"SÃO PAULO TURISMO S. A.",9415,62002886000160,1977-10-20,1968-02-05,"RIO DE JANEIRO","RJ","ATIVO","FASE OPERACIONAL","Tradicional","Consumo Cíclico","Viagens e Lazer","Produção de Eventos e Shows","AHEB3;AHEB5;AHEB6",2009-12-31,2018-12-31
"SARAIVA SA LIVREIROS EDITORES",10472,60500139000126,1977-07-20,1947-12-08,"SÃO PAULO","SP","ATIVO","FASE OPERACIONAL","Corporate Governance - Level 2","Consumo Cíclico","Comércio","Produtos Diversos","SLED3;SLED4",2009-12-31,2018-12-31
"SCHULZ SA",14664,84693183000168,1994-12-19,1963-06-12,"JOINVILLE","SC","ATIVO","FASE OPERACIONAL","Tradicional","Bens Industriais","Máquinas e Equipamentos","Motores . Compressores e Outros","SHUL3;SHUL4",2009-12-31,2019-12-31
"SER EDUCACIONAL S.A.",23221,4986320000113,2013-10-18,2002-03-19,"RECIFE","PE","ATIVO","FASE OPERACIONAL","Novo Mercado","Consumo Cíclico","Diversos","Serviços Educacionais","SEER3",2012-12-31,2019-12-31
"SIDERURGICA J L ALIPERTI SA",12823,61156931000178,1986-06-06,1924-01-02,"SÃO PAULO","SP","ATIVO","FASE OPERACIONAL","Tradicional","Consumo não Cíclico","Agropecuária","Agricultura","APTI3;APTI4",2009-12-31,2019-12-31
"SINQIA S.A.",22799,4065791000199,2012-04-26,2000-08-04,"SÃO PAULO","SP","ATIVO","FASE OPERACIONAL","Novo Mercado","Tecnologia da Informação","Programas e Serviços","Programas e Serviços","SQIA3",2011-12-31,2019-12-31
"SLC AGRICOLA SA",20745,89096457000155,2007-06-12,1977-07-21,"PORTO ALEGRE","RS","ATIVO","FASE OPERACIONAL","Novo Mercado","Consumo não Cíclico","Agropecuária","Agricultura","SLCE3",2009-12-31,2018-12-31
"SMARTFIT ESCOLA DE GINÁSTICA E DANÇA S.A.",24260,7594978000178,2017-10-20,2005-07-19,"SÃO PAULO","SP","ATIVO","FASE OPERACIONAL","Bovespa Mais - Level 2","Consumo Cíclico","Viagens e Lazer","Atividades Esportivas","SMFT3",2016-12-31,2019-12-31
"SMILES FIDELIDADE S.A.",24252,5730375000120,2017-10-10,2003-01-22,"BARUERI","SP","ATIVO","FASE OPERACIONAL","Novo Mercado","Consumo Cíclico","Diversos","Programas de Fidelização","SMLS3",2016-12-31,2019-12-31
"SONDOTECNICA ENGENHARIA DE SOLOS S/A.",10880,33386210000119,1980-08-19,1954-01-01,"RIO DE JANEIRO","RJ","ATIVO","FASE OPERACIONAL","Tradicional","Bens Industriais","Construção e Engenharia","Engenharia Consultiva","SOND3;SOND5;SOND6",2009-12-31,2019-12-31
"SPRINGER SA",10960,92929520000100,1968-10-24,1934-01-01,"COTIA","SP","ATIVO","FASE OPERACIONAL","Tradicional","Financeiro","Holdings Diversificadas","Holdings Diversificadas","SPRI3;SPRI5;SPRI6",2009-12-31,2019-12-31
"SPRINGS GLOBAL PARTICIPAÇÕES S/A",20966,7718269000157,2007-07-25,2005-11-24,"SÃO PAULO","SP","ATIVO","FASE OPERACIONAL","Novo Mercado","Consumo Cíclico","Tecidos. Vestuário e Calçados","Fios e Tecidos","SGPS3",2009-12-31,2019-12-31
"STARA S.A. - INDÚSTRIA DE IMPLEMENTOS AGRÍCOLAS",24201,91495499000100,2017-09-18,1960-12-09,"NÃO-ME-TOQUE","RS","ATIVO","FASE OPERACIONAL","Bovespa Mais","Bens Industriais","Máquinas e Equipamentos","Máq. e Equip. Construção e Agrícolas","STTR3",2016-12-31,2018-12-31
"STATKRAFT ENERGIAS RENOVÁVEIS S.A.",22594,622416000141,2011-09-19,1995-05-19,"FLORIANÓPOLIS","SC","ATIVO","FASE OPERACIONAL","Tradicional","Utilidade Pública","Energia Elétrica","Energia Elétrica","STKF3",2010-12-31,2019-12-31
"SUDESTE SA",16586,2062747000108,1997-11-10,1997-07-22,"RIO DE JANEIRO","RJ","ATIVO","FASE OPERACIONAL","Tradicional","Outros","Outros","Outros","OPSE3B",2009-12-31,2019-12-31
"SUL 116 PARTICIPAÇÕES S.A.",16438,1957772000189,1997-09-03,1997-06-05,"RIO DE JANEIRO","RJ","ATIVO","FASE OPERACIONAL","Tradicional","Outros","Outros","Outros","OPTS3B",2009-12-31,2019-12-31
"SUL AMERICA S/A",21121,29978814000187,2007-10-03,1978-03-13,"RIO DE JANEIRO","RJ","ATIVO","FASE OPERACIONAL","Corporate Governance - Level 2","Financeiro","Previdência e Seguros","Seguradoras","SULA11;SULA3;SULA4",2009-12-31,2019-12-31
"SUZANO HOLDING S.A.",9067,60651809000105,1982-03-11,1954-02-26,"SÃO PAULO","SP","ATIVO","FASE OPERACIONAL","Tradicional","Materiais Básicos","Madeira e Papel","Papel e Celulose","NEMO3;NEMO5;NEMO6",2009-12-31,2019-12-31
"SUZANO S.A.",13986,16404287000155,1992-04-15,1987-12-08,"SÃO PAULO","SP","ATIVO","FASE OPERACIONAL","Novo Mercado","Materiais Básicos","Madeira e Papel","Papel e Celulose","SUZB3",2009-12-31,2018-12-31
"T4F ENTRETENIMENTO SA",22454,2860694000162,2011-04-11,1998-11-18,"SÃO PAULO","SP","ATIVO","FASE OPERACIONAL","Novo Mercado","Consumo Cíclico","Viagens e Lazer","Produção de Eventos e Shows","SHOW3",2010-12-31,2019-12-31
"TAURUS ARMAS S.A.",6173,92781335000102,1982-03-02,NA,"SÃO LEOPOLDO",NA,"ATIVO","FASE OPERACIONAL","Corporate Governance - Level 2","Bens Industriais","Máquinas e Equipamentos","Armas e Munições","TASA3;TASA4",2009-12-31,2019-12-31
"TECHNOS SA",22519,9295063000197,2011-06-28,2007-11-21,"RIO DE JANEIRO","RJ","ATIVO","FASE OPERACIONAL","Novo Mercado","Consumo Cíclico","Tecidos. Vestuário e Calçados","Acessórios","TECN3",2010-12-31,2018-12-31
"TECNISA S/A",20435,8065557000112,2007-01-09,2006-05-22,"SÃO PAULO","SP","ATIVO","FASE OPERACIONAL","Novo Mercado","Consumo Cíclico","Construção Civil","Incorporações","TCSA3",2009-12-31,2019-12-31
"TEGMA GESTÃO LOGÍSTICA SA",20800,2351144000118,2007-06-28,1998-01-05,"SÃO BERNARDO DO CAMPO","SP","ATIVO","FASE OPERACIONAL","Novo Mercado","Bens Industriais","Transporte","Transporte Rodoviário","TGMA3",2009-12-31,2019-12-31
"TEKNO S.A. INDÚSTRIA E COMÉRCIO",11231,33467572000134,1977-07-20,1939-01-01,"GUARATINGUETÁ","SP","ATIVO","FASE OPERACIONAL","Tradicional","Materiais Básicos","Siderurgia e Metalurgia","Artefatos de Ferro e Aço","TKNO3;TKNO4",2009-12-31,2019-12-31
"TELEC. BRASILEIRAS S.A. - TELEBRÁS",11258,336701000104,1981-01-21,1972-11-09,"BRASÍLIA","DF","ATIVO","FASE OPERACIONAL","Tradicional","Comunicações","Telecomunicações","Telecomunicações","TELB3;TELB4",2009-12-31,2018-12-31
"TELEFÔNICA BRASIL S.A.",17671,2558157000162,1998-08-19,1998-05-22,"SÃO PAULO","SP","ATIVO","FASE OPERACIONAL","Tradicional","Comunicações","Telecomunicações","Telecomunicações","VIVT3;VIVT4",2009-12-31,2018-12-31
"TERMINAL GARAGEM MENEZES CORTES SA",18538,2664042000152,2000-01-17,1998-06-23,"RIO DE JANEIRO","RJ","ATIVO","FASE OPERACIONAL","Tradicional","Financeiro","Exploração de Imóveis","Exploração de Imóveis","MNZC3B",2009-12-31,2019-12-31
"TERRA SANTA AGRO S.A.",20354,5799312000120,2006-11-09,2003-07-18,"RIO DE JANEIRO","RJ","ATIVO","FASE OPERACIONAL","Novo Mercado","Consumo não Cíclico","Agropecuária","Agricultura","TESA3",2009-12-31,2019-12-31
"TIM PARTICIPAÇÕES SA",17639,2558115000121,1998-08-19,1998-05-22,"RIO DE JANEIRO",NA,"ATIVO","FASE OPERACIONAL","Novo Mercado","Comunicações","Telecomunicações","Telecomunicações","TIMP3",2009-12-31,2019-12-31
"TOTVS S.A",19992,53113791000122,2006-03-07,1983-01-01,"SÃO PAULO","SP","ATIVO","FASE OPERACIONAL","Novo Mercado","Tecnologia da Informação","Programas e Serviços","Programas e Serviços","TOTS3",2009-12-31,2018-12-31
"TPI - TRIUNFO PARTICIPACOES E INVESTIMENTOS S.A.",19330,3014553000191,2002-12-05,1999-01-11,"SÃO PAULO","SP","ATIVO","EM RECUPERAÇÃO EXTRAJUDICIAL","Novo Mercado","Bens Industriais","Transporte","Exploração de Rodovias","TPIS3",2009-12-31,2019-12-31
"TRANSMISSORA ALIANÇA DE ENERGIA ELÉTRICA S.A.",20257,7859971000130,2006-09-06,2006-01-23,"RIO DE JANEIRO","RJ","ATIVO","FASE OPERACIONAL","Corporate Governance - Level 2","Utilidade Pública","Energia Elétrica","Energia Elétrica","TAEE11;TAEE3;TAEE4",2009-12-31,2018-12-31
"TREVISA  INVESTIMENTOS SA",8192,92660570000126,1980-12-15,1930-07-16,"PORTO ALEGRE","RS","ATIVO","FASE OPERACIONAL","Tradicional","Bens Industriais","Transporte","Transporte Hidroviário","LUXM3;LUXM4",2009-12-31,2019-12-31
"TRISUL S/A",21130,8811643000127,2007-10-10,2007-04-01,"SÃO PAULO","SP","ATIVO","FASE OPERACIONAL","Novo Mercado","Consumo Cíclico","Construção Civil","Incorporações","TRIS3",2009-12-31,2019-12-31
"TRONOX PIGMENTOS DO BRASIL S.A.",11398,15115504000124,1970-12-23,1966-03-23,"CAMAÇARI","BA","ATIVO","FASE OPERACIONAL","Tradicional","Materiais Básicos","Químicos","Químicos Diversos","CRPG3;CRPG5;CRPG6",2009-12-31,2019-12-31
"TUPY SA",6343,84683374000149,1966-07-01,1938-02-01,"JOINVILLE","SC","ATIVO","FASE OPERACIONAL","Novo Mercado","Bens Industriais","Material de Transporte","Material Rodoviário","TUPY3",2009-12-31,2019-12-31
"ULTRAPAR PARTICIPAÇÕES SA",18465,33256439000139,1999-09-27,1953-12-11,"SÃO PAULO","SP","ATIVO","FASE OPERACIONAL","Novo Mercado","Petróleo. Gás e Biocombustíveis","Petróleo. Gás e Biocombustíveis","Exploração. Refino e Distribuição","UGPA3",2009-12-31,2019-12-31
"UNICASA INDÚSTRIA DE MÓVEIS S.A.",22780,90441460000148,2012-04-25,1985-09-02,"FARROUPILHA","RS","ATIVO","FASE OPERACIONAL","Novo Mercado","Consumo Cíclico","Utilidades Domésticas","Móveis","UCAS3",2011-12-31,2019-12-31
"UNIPAR CARBOCLORO S.A.",11592,33958695000178,1971-12-08,1969-05-28,"SÃO PAULO","SP","ATIVO","FASE OPERACIONAL","Tradicional","Materiais Básicos","Químicos","Químicos Diversos","UNIP3;UNIP5;UNIP6",2009-12-31,2018-12-31
"UPTICK PARTICIPACOES SA",16624,2162616000194,1997-11-19,1997-09-08,"RIO DE JANEIRO","RJ","ATIVO","FASE OPERACIONAL","Tradicional","Utilidade Pública","Energia Elétrica","Energia Elétrica","UPKP3B",2009-12-31,2019-12-31
"USINAS SIDERURGICAS DE MINAS GERAIS SA",14320,60894730000105,1994-04-11,1956-04-25,"BELO HORIZONTE",NA,"ATIVO","FASE OPERACIONAL","Corporate Governance - Level 1","Materiais Básicos","Siderurgia e Metalurgia","Siderurgia","USIM3;USIM5;USIM6",2009-12-31,2019-12-31
"VALE S.A.",4170,33592510000154,1970-01-02,1942-06-01,"RIO DE JANEIRO","RJ","ATIVO","FASE OPERACIONAL","Novo Mercado","Materiais Básicos","Mineração","Minerais Metálicos","VALE3",2009-12-31,2019-12-31
"VALID SOLUÇÕES E SERVIÇOS DE SEGURANÇA EM MEIOS DE PAGAMENTO E IDENTIFICAÇÃO S.A.",20028,33113309000147,2006-04-12,1957-01-01,"RIO DE JANEIRO","RJ","ATIVO","FASE OPERACIONAL","Novo Mercado","Bens Industriais","Serviços","Serviços Diversos","VLID3",2009-12-31,2019-12-31
"VIA VAREJO S.A.",6505,33041260065290,1981-11-24,1946-07-12,"RIO DE JANEIRO","RJ","ATIVO","FASE OPERACIONAL","Novo Mercado","Consumo Cíclico","Comércio","Eletrodomésticos","VVAR3",2009-12-31,2019-12-31
"VIVARA PARTICIPAÇÕES S.A.",24805,33839910000111,2019-10-08,2019-05-23,"RIO DE JANEIRO","RJ","ATIVO","FASE OPERACIONAL","Novo Mercado","Consumo Cíclico","Tecidos. Vestuário e Calçados","Acessórios","VIVA3",2018-12-31,2019-12-31
"VULCABRAS|AZALEIA S.A.",11762,50926955000142,1977-07-20,1952-07-29,"JUNDIAÍ",NA,"ATIVO","FASE OPERACIONAL","Novo Mercado","Consumo Cíclico","Tecidos. Vestuário e Calçados","Calçados","VULC3",2009-12-31,2019-12-31
"WEG SA",5410,84429695000111,1982-02-09,1961-06-30,"JARAGUÁ DO SUL","SC","ATIVO","FASE OPERACIONAL","Novo Mercado","Bens Industriais","Máquinas e Equipamentos","Motores . Compressores e Outros","WEGE3",2009-12-31,2019-12-31
"WHIRLPOOL S.A",14346,59105999000186,1994-04-22,1972-06-06,"SÃO PAULO","SP","ATIVO","FASE OPERACIONAL","Tradicional","Consumo Cíclico","Utilidades Domésticas","Eletrodomésticos","WHRL3;WHRL4",2009-12-31,2018-12-31
"WIZ SOLUÇÕES E CORRETAGEM DE SEGUROS S.A.",23590,42278473000103,2015-05-11,1973-07-05,"BRASÍLIA",NA,"ATIVO","FASE OPERACIONAL","Novo Mercado","Financeiro","Previdência e Seguros","Corretoras de Seguros","WIZS3",2014-12-31,2019-12-31
"WLM INDÚSTRIA E COMÉRCIO S.A.",11070,33228024000151,1971-01-07,1946-10-25,"RIO DE JANEIRO","RJ","ATIVO","FASE OPERACIONAL","Tradicional","Bens Industriais","Comércio","Material de Transporte","WLMM3;WLMM4",2009-12-31,2019-12-31
